--
-- PostgreSQL database dump
--

-- Dumped from database version 14.15 (Ubuntu 14.15-0ubuntu0.22.04.1)
-- Dumped by pg_dump version 14.15 (Ubuntu 14.15-0ubuntu0.22.04.1)

SET statement_timeout = 0;
SET lock_timeout = 0;
SET idle_in_transaction_session_timeout = 0;
SET client_encoding = 'UTF8';
SET standard_conforming_strings = on;
SELECT pg_catalog.set_config('search_path', '', false);
SET check_function_bodies = false;
SET xmloption = content;
SET client_min_messages = warning;
SET row_security = off;

SET default_tablespace = '';

SET default_table_access_method = heap;

--
-- Name: cities; Type: TABLE; Schema: public; Owner: postgres
--

CREATE TABLE public.cities (
    id bigint NOT NULL,
    name character varying(255),
    zipcode character varying(255),
    inserted_at timestamp(0) without time zone NOT NULL,
    updated_at timestamp(0) without time zone NOT NULL
);


ALTER TABLE public.cities OWNER TO postgres;

--
-- Name: cities_id_seq; Type: SEQUENCE; Schema: public; Owner: postgres
--

CREATE SEQUENCE public.cities_id_seq
    START WITH 1
    INCREMENT BY 1
    NO MINVALUE
    NO MAXVALUE
    CACHE 1;


ALTER TABLE public.cities_id_seq OWNER TO postgres;

--
-- Name: cities_id_seq; Type: SEQUENCE OWNED BY; Schema: public; Owner: postgres
--

ALTER SEQUENCE public.cities_id_seq OWNED BY public.cities.id;


--
-- Name: countries; Type: TABLE; Schema: public; Owner: postgres
--

CREATE TABLE public.countries (
    id bigint NOT NULL,
    name character varying(255),
    inserted_at timestamp(0) without time zone NOT NULL,
    updated_at timestamp(0) without time zone NOT NULL
);


ALTER TABLE public.countries OWNER TO postgres;

--
-- Name: countries_id_seq; Type: SEQUENCE; Schema: public; Owner: postgres
--

CREATE SEQUENCE public.countries_id_seq
    START WITH 1
    INCREMENT BY 1
    NO MINVALUE
    NO MAXVALUE
    CACHE 1;


ALTER TABLE public.countries_id_seq OWNER TO postgres;

--
-- Name: countries_id_seq; Type: SEQUENCE OWNED BY; Schema: public; Owner: postgres
--

ALTER SEQUENCE public.countries_id_seq OWNED BY public.countries.id;


--
-- Name: families; Type: TABLE; Schema: public; Owner: postgres
--

CREATE TABLE public.families (
    id character varying(255) NOT NULL,
    caption character varying(255)
);


ALTER TABLE public.families OWNER TO postgres;

--
-- Name: items; Type: TABLE; Schema: public; Owner: postgres
--

CREATE TABLE public.items (
    id character varying(255) NOT NULL,
    caption character varying(255),
    sale_price_vat_excluded numeric,
    image character varying(255),
    image_version integer,
    real_stock numeric,
    stock_status boolean DEFAULT false,
    family_id character varying(255),
    sub_family_id character varying(255),
    is_published boolean
);


ALTER TABLE public.items OWNER TO postgres;

--
-- Name: order_lines; Type: TABLE; Schema: public; Owner: postgres
--

CREATE TABLE public.order_lines (
    id bigint NOT NULL,
    order_id character varying(255),
    item_id character varying(255),
    user_id bigint,
    quantity integer,
    inserted_at timestamp(0) without time zone NOT NULL,
    updated_at timestamp(0) without time zone NOT NULL
);


ALTER TABLE public.order_lines OWNER TO postgres;

--
-- Name: order_lines_id_seq; Type: SEQUENCE; Schema: public; Owner: postgres
--

CREATE SEQUENCE public.order_lines_id_seq
    START WITH 1
    INCREMENT BY 1
    NO MINVALUE
    NO MAXVALUE
    CACHE 1;


ALTER TABLE public.order_lines_id_seq OWNER TO postgres;

--
-- Name: order_lines_id_seq; Type: SEQUENCE OWNED BY; Schema: public; Owner: postgres
--

ALTER SEQUENCE public.order_lines_id_seq OWNED BY public.order_lines.id;


--
-- Name: orders; Type: TABLE; Schema: public; Owner: postgres
--

CREATE TABLE public.orders (
    id character varying(255) NOT NULL,
    user_id bigint,
    sum numeric,
    checked_out boolean,
    inserted_at timestamp(0) without time zone NOT NULL,
    updated_at timestamp(0) without time zone NOT NULL
);


ALTER TABLE public.orders OWNER TO postgres;

--
-- Name: schema_migrations; Type: TABLE; Schema: public; Owner: postgres
--

CREATE TABLE public.schema_migrations (
    version bigint NOT NULL,
    inserted_at timestamp(0) without time zone
);


ALTER TABLE public.schema_migrations OWNER TO postgres;

--
-- Name: sub_families; Type: TABLE; Schema: public; Owner: postgres
--

CREATE TABLE public.sub_families (
    id character varying(255) NOT NULL,
    caption character varying(255),
    family_id character varying(255),
    image character varying(255)
);


ALTER TABLE public.sub_families OWNER TO postgres;

--
-- Name: users; Type: TABLE; Schema: public; Owner: postgres
--

CREATE TABLE public.users (
    id bigint NOT NULL,
    name character varying(255),
    firstname character varying(255),
    mail_address character varying(255),
    street character varying(255),
    phone_number character varying(255),
    password character varying(255),
    inserted_at timestamp(0) without time zone NOT NULL,
    updated_at timestamp(0) without time zone NOT NULL,
    country_id bigint,
    city_id bigint,
    is_valid boolean DEFAULT false
);


ALTER TABLE public.users OWNER TO postgres;

--
-- Name: users_id_seq; Type: SEQUENCE; Schema: public; Owner: postgres
--

CREATE SEQUENCE public.users_id_seq
    START WITH 1
    INCREMENT BY 1
    NO MINVALUE
    NO MAXVALUE
    CACHE 1;


ALTER TABLE public.users_id_seq OWNER TO postgres;

--
-- Name: users_id_seq; Type: SEQUENCE OWNED BY; Schema: public; Owner: postgres
--

ALTER SEQUENCE public.users_id_seq OWNED BY public.users.id;


--
-- Name: cities id; Type: DEFAULT; Schema: public; Owner: postgres
--

ALTER TABLE ONLY public.cities ALTER COLUMN id SET DEFAULT nextval('public.cities_id_seq'::regclass);


--
-- Name: countries id; Type: DEFAULT; Schema: public; Owner: postgres
--

ALTER TABLE ONLY public.countries ALTER COLUMN id SET DEFAULT nextval('public.countries_id_seq'::regclass);


--
-- Name: order_lines id; Type: DEFAULT; Schema: public; Owner: postgres
--

ALTER TABLE ONLY public.order_lines ALTER COLUMN id SET DEFAULT nextval('public.order_lines_id_seq'::regclass);


--
-- Name: users id; Type: DEFAULT; Schema: public; Owner: postgres
--

ALTER TABLE ONLY public.users ALTER COLUMN id SET DEFAULT nextval('public.users_id_seq'::regclass);


--
-- Data for Name: cities; Type: TABLE DATA; Schema: public; Owner: postgres
--

COPY public.cities (id, name, zipcode, inserted_at, updated_at) FROM stdin;
1	Koungou	97600	2023-06-07 14:00:54	2023-06-07 14:00:54
2	Mamoudzou	97600	2023-06-07 14:00:54	2023-06-07 14:00:54
3	Dzaoudzi	97610	2023-06-07 14:00:54	2023-06-07 14:00:54
4	Pamandzi	97610	2023-06-07 14:00:54	2023-06-07 14:00:54
5	Bandrélé	97620	2023-06-07 14:00:54	2023-06-07 14:00:54
6	Bouéni	97620	2023-06-07 14:00:54	2023-06-07 14:00:54
7	Chirongui	97620	2023-06-07 14:00:54	2023-06-07 14:00:54
8	Kani-Kéli	97625	2023-06-07 14:00:54	2023-06-07 14:00:54
9	Acoua	97630	2023-06-07 14:00:54	2023-06-07 14:00:54
10	Mtsamboro	97630	2023-06-07 14:00:54	2023-06-07 14:00:54
11	Sada	97640	2023-06-07 14:00:54	2023-06-07 14:00:54
12	Bandraboua	97650	2023-06-07 14:00:54	2023-06-07 14:00:54
13	M'tsangamouji	97650	2023-06-07 14:00:54	2023-06-07 14:00:54
14	Dembéni	97660	2023-06-07 14:00:54	2023-06-07 14:00:54
15	Chiconi	97670	2023-06-07 14:00:54	2023-06-07 14:00:54
16	Ouangani	97670	2023-06-07 14:00:54	2023-06-07 14:00:54
17	Tsingoni	97680	2023-06-07 14:00:54	2023-06-07 14:00:54
\.


--
-- Data for Name: countries; Type: TABLE DATA; Schema: public; Owner: postgres
--

COPY public.countries (id, name, inserted_at, updated_at) FROM stdin;
1	Mayotte	2023-06-07 14:00:54	2023-06-07 14:00:54
\.


--
-- Data for Name: families; Type: TABLE DATA; Schema: public; Owner: postgres
--

COPY public.families (id, caption) FROM stdin;
FAR00002	ÉLECTRICITE
FAR00003	PLOMBERIE
FAR00004	PEINTURE
FAR00005	SERRURERIE
FAR00010	LUMINAIRES
FAR00009	SANITAIRE
FAR00007	DIVERS
FAR00008	CARROSSERIE
\.


--
-- Data for Name: items; Type: TABLE DATA; Schema: public; Owner: postgres
--

COPY public.items (id, caption, sale_price_vat_excluded, image, image_version, real_stock, stock_status, family_id, sub_family_id, is_published) FROM stdin;
SKU419	PROJECTEUR LED 200W	198.00000000	SKU419.jpg	569601	-23.00000000	f	FAR00002	SFAR00004	t
LG008258	DISJONCTEUR DISMATIC 15A IVOIR	226.50000000	empty.png	0	0.00000000	f	\N	\N	f
LG008268	DISJONCTEUR DISMATIC 16A BLANC	204.00000000	empty.png	0	0.00000000	f	\N	\N	f
EDS304740404062941	MITIGEUR EVIER ILO MEMOIRE DE FORME INOX	99.00000000	EDS304740404062941.jpg	638975	-11.00000000	f	FAR00003	SFAR00012	t
S2PCPEINTECLATPIERR1	PEINT ECLAT TON PIERRE 1KG	15.00000000	S2PCPEINTECLATPIERR1.jpg	597008	-1.00000000	f	FAR00004	SFAR00005	t
SKU462	PROJECTEUR LED 30W AVEC DETECTEUR	80.00000000	SKU462.jpg	569622	1.00000000	f	FAR00002	SFAR00004	t
SKU477	PROJECTEUR LED 150W VT150 6400K	135.00000000	SKU477.jpg	569600	-133.00000000	f	FAR00002	SFAR00004	f
ARMOULD07140	IRL TUBIRO DE 40 EN 3M (7P)	10.00000000	ARMOULD07140.jpg	732680	266.00000000	f	FAR00002	SFAR00027	t
ROZ219000	MANCHE BOIS 120 NU ROZ	3.50000000	ROZ219000.jpg	639197	410.00000000	f	FAR00007	SFAR00038	t
LG6000040	BOUTON POUSSOIR DOOXIE AVEC PLAQUE SIMPLE	8.50000000	empty.png	0	-423.00000000	f	FAR00002	SFAR00002	f
LG066636	PLAQUE 3P ETEND. BLANC YESTE.	18.00000000	empty.png	0	0.00000000	f	\N	\N	f
LG066657	PLAQUE 3P ETENDUE ORANGE 70S	18.00000000	empty.png	0	0.00000000	f	\N	\N	f
LG066677	PLAQUE 3P ETENDUE JAUNE TODAY	18.00000000	empty.png	0	0.00000000	f	\N	\N	f
ADEQUAMANCHON 125	MANCHON PVC 125/125	6.50000000	empty.png	0	0.00000000	f	FAR00003	\N	t
C00TEST	produit_test	12.00000000	empty.png	0	0.00000000	f	FAR00004	SFAR00007	f
ADEQUAREDUCTION125/1	REDUCTION 125/100 EXENTREE	9.50000000	empty.png	0	0.00000000	f	FAR00003	\N	t
HAGGP213P	PORTE OPAQUE GAMMA13 pr GD213A	45.00000000	HAGGP213P.jpg	639444	203.00000000	f	FAR00002	SFAR00030	t
ROBINET1325004	ROBINET MACHINE A LAVER 1/2 CHROME	7.50000000	empty.png	0	-13.00000000	f	FAR00003	\N	t
NG30063324	TPC ROUGE Ø40 - 50M	45.00000000	NG30063324.jpg	638336	21.00000000	f	FAR00002	SFAR00029	t
SKU504 6400K	PROJECTEUR LED 20W RECHARGEABLE 1400lm 6400K	75.00000000	SKU504 6400K.jpg	569626	-55.00000000	f	FAR00002	SFAR00004	t
S2PCPEINTECLATPIERR3	PEINT ECLAT TON PIERRE 3KG	35.00000000	S2PCPEINTECLATPIERR3.jpg	597028	6.00000000	f	FAR00004	SFAR00006	t
LG067958	ENJO ENROULEUR RJ45 GRAPH	38.00000000	empty.png	0	0.00000000	f	\N	\N	f
LG068255	ENJO. RJ45 ENROULEUR BLANC	33.50000000	empty.png	0	0.00000000	f	\N	\N	f
LG068555	ENJO. RJ45 ENROULEUR TITANE	38.00000000	empty.png	0	0.00000000	f	\N	\N	f
LG60622	ESPACE SORTIE DE CABLE IP22	11.50000000	empty.png	0	0.00000000	f	\N	\N	f
LG60644	SORTIE DE CABLE 20A IP44	23.00000000	empty.png	0	0.00000000	f	\N	\N	f
LG664195	SORTIE CABLE GRIF.CPLT PUR	10.50000000	empty.png	0	0.00000000	f	\N	\N	f
LG664395	SORTIE CABLE MULTIPOSTE PUR	12.50000000	empty.png	0	0.00000000	f	\N	\N	f
LG664895	SORTIE CABLE IVOIRE	12.00000000	empty.png	0	0.00000000	f	\N	\N	f
LG764546	SORTIE CABLE ASSO. BLANC	17.00000000	empty.png	0	0.00000000	f	\N	\N	f
LG764646	SORTIE CABLE ASSO. IVOIRE	17.00000000	empty.png	0	0.00000000	f	\N	\N	f
LG065002	ENJO DOUBLE DOIGT ETROIT BLANC	11.50000000	empty.png	0	0.00000000	f	\N	\N	f
LG065102	ENJO DOUBLE DOIGT ETROIT TITAN	16.00000000	empty.png	0	0.00000000	f	\N	\N	f
LG065202	ENJO DOUBLE DOIGT ETROIT GRAPH	16.00000000	empty.png	0	0.00000000	f	\N	\N	f
LG067183	SORTIE DE CABLE EQUIPEE	54.50000000	empty.png	0	0.00000000	f	\N	\N	f
LG067941	ENJO SORTIE DE CABLE GRAPHITE	12.50000000	empty.png	0	0.00000000	f	\N	\N	f
LG068441	ENJ.TITA SORTIE DE CABLE	12.50000000	empty.png	0	0.00000000	f	\N	\N	f
LG067094	DOUBLE TECHNOLOGIE DETECTEUR A	276.00000000	empty.png	0	0.00000000	f	\N	\N	f
LG067399	PRISE CABLO-OPERATEURS DOUBLE	107.00000000	empty.png	0	0.00000000	f	\N	\N	f
LG069530	INTER BIPO. GRIS COMPO.	44.50000000	empty.png	0	0.00000000	f	\N	\N	f
LG663941	2X2P+T FB ECLIPSE 1P BLANC	47.50000000	empty.png	0	0.00000000	f	\N	\N	f
LG664134	2P BV ECLIPS GRIF.CPLT PUR	17.00000000	empty.png	0	0.00000000	f	\N	\N	f
LG764541	2X2P+T FB ECLIPS 1P BLANC	12.50000000	empty.png	0	0.00000000	f	\N	\N	f
LG764542	2X2P+T POLOGNE ECLIPS 1P BLANC	12.50000000	empty.png	0	0.00000000	f	\N	\N	f
LG764543	2X2P+T TCH ECLIPS 1P BLANC	13.00000000	empty.png	0	0.00000000	f	\N	\N	f
LG764544	2X2P+T SCH ECLIPS 1P BLANC	12.50000000	empty.png	0	0.00000000	f	\N	\N	f
LG764547	2P+T SCH ECLIPS IP44 BLANC	23.50000000	empty.png	0	0.00000000	f	\N	\N	f
LG764548	2P+T FB ECLIPS IP44 BLANC	23.50000000	empty.png	0	0.00000000	f	\N	\N	f
LG764741	2P+T DOUBLE FB ECLIPSE MARRON	14.00000000	empty.png	0	0.00000000	f	\N	\N	f
LG764627	2P+T FB ECLIPS IVOIRE	7.50000000	empty.png	0	0.00000000	f	\N	\N	f
LG764629	2P+T SCH ECLIPS IVOIRE	7.50000000	empty.png	0	0.00000000	f	\N	\N	f
LG764632	2P+T SCH ECLIPS VOLET IVOIRE	13.00000000	empty.png	0	0.00000000	f	\N	\N	f
LG764638	2P ECLIPS IVOIRE	7.50000000	empty.png	0	0.00000000	f	\N	\N	f
LG764641	2X2P+T FB ECLIPS 1P IVOIRE	12.50000000	empty.png	0	0.00000000	f	\N	\N	f
LG764642	2X2P+T POLOGNE ECLIPS 1P IV	12.50000000	empty.png	0	0.00000000	f	\N	\N	f
LG764643	2X2P+T TCH ECLIPS 1P IVOIRE	13.00000000	empty.png	0	0.00000000	f	\N	\N	f
LG764644	2X2P+T SCH ECLIPS 1P IVOIRE	12.50000000	empty.png	0	0.00000000	f	\N	\N	f
LG764647	2P+T SCH ECLIPS IP44 IVOIRE	23.50000000	empty.png	0	0.00000000	f	\N	\N	f
LG069531	INTER BIPO. LUMIN GRIS COMPO.	61.50000000	empty.png	0	0.00000000	f	\N	\N	f
LG069534	INTER A CLE 2 POS. GRIS COMPO.	233.00000000	empty.png	0	0.00000000	f	\N	\N	f
LG069535	INTER A CLE 3 POS. GRIS COMPO.	300.50000000	empty.png	0	0.00000000	f	\N	\N	f
LG069537	ENJO OBTURATEUR GRIS COMPO.	24.00000000	empty.png	0	0.00000000	f	\N	\N	f
LG069539	DOUBLE POUS. CDE VOL. R. COMPO	77.50000000	empty.png	0	0.00000000	f	\N	\N	f
LG069541	POUS. NO+NF GRIS COMPO.	34.50000000	empty.png	0	0.00000000	f	\N	\N	f
LG069542	POUS. NO LUMIN. GRIS COMPO.	32.50000000	empty.png	0	0.00000000	f	\N	\N	f
LG069544	POUS. NO+NF LUM. PRTE-ETI. CO.	55.50000000	empty.png	0	0.00000000	f	\N	\N	f
LG16360	VIADIS 60X40 BA	28.00000000	empty.png	0	2222.00000000	f	FAR00002	SFAR00003	f
LG764648	2P+T FB ECLIPS IP44 IVOIRE	23.50000000	empty.png	0	0.00000000	f	\N	\N	f
LG066604	PLAQUE 4P GRIS PERLE	18.00000000	empty.png	0	0.00000000	f	\N	\N	f
LG066611	PLAQUE 1P GALET	4.50000000	empty.png	0	0.00000000	f	\N	\N	f
LG066612	PLAQUE 2P GALET	9.00000000	empty.png	0	0.00000000	f	\N	\N	f
LG066613	PLAQUE 3P GALET	13.50000000	empty.png	0	0.00000000	f	\N	\N	f
LG066614	PLAQUE 4P GALET	18.00000000	empty.png	0	0.00000000	f	\N	\N	f
LG066621	PLAQUE 1P IVOIRE	4.50000000	empty.png	0	0.00000000	f	\N	\N	f
LG066622	PLAQUE 2P IVOIRE	9.00000000	empty.png	0	0.00000000	f	\N	\N	f
LG066623	PLAQUE 3P IVOIRE	13.50000000	empty.png	0	0.00000000	f	\N	\N	f
LG066624	PLAQUE 4P IVOIRE	18.00000000	empty.png	0	0.00000000	f	\N	\N	f
LG066635	PLAQUE 2P ETEND. BLANC YESTE.	13.50000000	empty.png	0	0.00000000	f	\N	\N	f
LG066641	PLAQUE 1P TURQUOISE 50S	4.50000000	empty.png	0	0.00000000	f	\N	\N	f
LG066642	PLAQUE 2P TURQUOISE 50S	9.00000000	empty.png	0	0.00000000	f	\N	\N	f
LG066643	PLAQUE 3P TURQUOISE 50S	13.50000000	empty.png	0	0.00000000	f	\N	\N	f
LG066647	PLAQUE 3P 57MM TURQUOISE 50S	15.00000000	empty.png	0	0.00000000	f	\N	\N	f
LG066648	PLAQUE 2P 57MM TURQUOISE 50S	10.00000000	empty.png	0	0.00000000	f	\N	\N	f
LG066651	PLAQ 1P ORANGE 70S	4.50000000	empty.png	0	0.00000000	f	\N	\N	f
LG066652	PLAQUE 2P ORANGE 70S	9.00000000	empty.png	0	0.00000000	f	\N	\N	f
LG066653	PLAQUE 3P ORANGE 70S	13.50000000	empty.png	0	0.00000000	f	\N	\N	f
LG066654	PLAQUE 4P ORANGE 70S	18.00000000	empty.png	0	0.00000000	f	\N	\N	f
LG066656	PLAQUE 2P ETENDUE ORANGE 70S	13.50000000	empty.png	0	0.00000000	f	\N	\N	f
LG066658	PLAQUE 2P 57MM ORANGE 70S	10.00000000	empty.png	0	0.00000000	f	\N	\N	f
LG066659	PLAQUE 3P 57MM ORANGE 70S	15.00000000	empty.png	0	0.00000000	f	\N	\N	f
LG066661	PLAQUE 1P VIOLET 90S	4.50000000	empty.png	0	0.00000000	f	\N	\N	f
LG066662	PLAQUE 2P VIOLET 90S	9.00000000	empty.png	0	0.00000000	f	\N	\N	f
LG066663	PLAQUE 3P VIOLET 90S	13.50000000	empty.png	0	0.00000000	f	\N	\N	f
LG066664	PLAQUE 4P VIOLET 90S	18.00000000	empty.png	0	0.00000000	f	\N	\N	f
LG066667	PLAQUE 3P ETENDUE VIOLET 90S	18.00000000	empty.png	0	0.00000000	f	\N	\N	f
LG066668	PLAQUE 2P 57MM VIOLET 90S	10.00000000	empty.png	0	0.00000000	f	\N	\N	f
LG066671	PLAQUE 1P JAUNE TODAY	4.50000000	empty.png	0	0.00000000	f	\N	\N	f
LG066672	PLAQUE 2P JAUNE TODAY	9.00000000	empty.png	0	0.00000000	f	\N	\N	f
LG066673	PLAQUE 3P JAUNE TODAY	13.50000000	empty.png	0	0.00000000	f	\N	\N	f
LG066678	PLAQ 2P 57MM JAUNE TODAY	10.00000000	empty.png	0	0.00000000	f	\N	\N	f
LG066681	PLAQUE 1P NOIR	4.50000000	empty.png	0	0.00000000	f	\N	\N	f
LG066683	PLAQUE 3P NOIR	13.50000000	empty.png	0	0.00000000	f	\N	\N	f
LG066684	PLAQUE 4P NOIR	18.00000000	empty.png	0	0.00000000	f	\N	\N	f
LG066697	PLAQUE 3P ETEND. TURQUOISE 50S	18.00000000	empty.png	0	0.00000000	f	\N	\N	f
LG066640	PLAQUE 1P LUMEN	13.00000000	empty.png	0	0.00000000	f	\N	\N	f
LG066701	PLAQUE 1P CRAIE	13.00000000	empty.png	0	0.00000000	f	\N	\N	f
LG066703	PLAQUE 3P CRAIE	38.50000000	empty.png	0	0.00000000	f	\N	\N	f
LG066712	PLAQUE 2P ARGILE	26.00000000	empty.png	0	0.00000000	f	\N	\N	f
LG066714	PLAQUE 4P ARGILE	51.50000000	empty.png	0	0.00000000	f	\N	\N	f
LG050897	JEU ETIQUETTES POUR PRISE 2P+T	3.50000000	empty.png	0	0.00000000	f	\N	\N	f
LG064809	ENJO KEY CARD SWITCH GRAPH	28.00000000	empty.png	0	0.00000000	f	\N	\N	f
LG065001	ENJO SIMPLE DOIGT ETROIT BLANC	3.50000000	empty.png	0	0.00000000	f	\N	\N	f
LG065003	ENJO VOYANT DOIGT ETROIT BLANC	19.50000000	empty.png	0	0.00000000	f	\N	\N	f
LG065101	ENJO SIMPLE DOIGT ETROIT TITAN	8.00000000	empty.png	0	0.00000000	f	\N	\N	f
LG065103	ENJO VOYANT DOIGT ETROIT TITAN	24.00000000	empty.png	0	0.00000000	f	\N	\N	f
LG065201	ENJO SIMPLE DOIGT ETROIT GRAPH	8.00000000	empty.png	0	0.00000000	f	\N	\N	f
LG065203	ENJO VOYANT DOIGT ETROIT GRAPH	24.00000000	empty.png	0	0.00000000	f	\N	\N	f
LG065004	ENJO VOYANT BAGUE BLANC	21.50000000	empty.png	0	0.00000000	f	\N	\N	f
LG065083	ENJO ECO VARIATEUR BLANC	21.50000000	empty.png	0	0.00000000	f	\N	\N	f
LG065094	DOIGT GREEN SWITCH DT GRAPH	13.50000000	empty.png	0	0.00000000	f	\N	\N	f
LG065104	ENJO VOYANT BAGUE TITANE	26.00000000	empty.png	0	0.00000000	f	\N	\N	f
LG065183	ENJO ECO VARIATEUR TITANE	26.00000000	empty.png	0	0.00000000	f	\N	\N	f
LG065204	ENJO VOYANT BAGUE GRAPHITE	26.00000000	empty.png	0	0.00000000	f	\N	\N	f
LG065283	ENJO ECO VARIATEUR GRAPHITE	26.00000000	empty.png	0	0.00000000	f	\N	\N	f
LG067049	INTERRUPTEUR SANS CONTACT	274.50000000	empty.png	0	0.00000000	f	\N	\N	f
LG067400	THERMOSTAT STANDARD HV/AC	268.00000000	empty.png	0	0.00000000	f	\N	\N	f
LG067408	SONDE POUR THERMOSTAT	149.50000000	empty.png	0	0.00000000	f	\N	\N	f
LG067410	THERMOSTAT FIL PILOTE	265.50000000	empty.png	0	0.00000000	f	\N	\N	f
LG067431	PRISE ASPI SS CONTACT TITANE	119.50000000	empty.png	0	0.00000000	f	\N	\N	f
LG068154	ENJO. STORES HOTEL ROOM BLANC	21.50000000	empty.png	0	0.00000000	f	\N	\N	f
LG068999	PLAQUE 3P 57MM COPPER	78.50000000	empty.png	0	0.00000000	f	\N	\N	f
FITT501017	KIT 5 pièces 15MM: LANCE + 2RACCORDS + 1NEZ	15.00000000	FITT501017.jpg	638318	6.00000000	f	FAR00007	SFAR00021	t
CHAZHONORE45	CANIF CHAZEAU HONORE 45	10.00000000	empty.png	0	-24.00000000	f	FAR00007	SFAR00033	t
EBE177764	HUBLOT ROND E27 BLANC IP44 - IK08 - 230V	12.00000000	EBE177764.jpg	638054	-257.00000000	f	FAR00010	SFAR00017	t
RAQUETTEMOUSTIQUE	RAQUETTE ANTI INSECTES AVEC 2 LAMPES TORCHE ET CHARGEUR USB INCLU	10.00000000	RAQUETTEMOUSTIQUE.jpg	637865	-263.00000000	f	FAR00007	SFAR00026	t
HAGATA205009016	MOULURE ATA 50X20 BLANC CARTON DE 16 BARRES SOIT 32 METRES	12.00000000	HAGATA205009016.jpg	638609	2040.00000000	f	FAR00002	SFAR00003	t
LG069651	BOITIER 1P GRIS COMPO.	5.00000000	empty.png	0	-53.00000000	f	\N	\N	t
NEGO31066512	TPC 160 ROUGE - BARRE DE 6 Mètres	52.00000000	NEGO31066512.jpg	638341	66.00000000	f	FAR00002	SFAR00029	t
LG16520	VIADIS 150X60 BA	80.00000000	empty.png	0	-74.00000000	f	FAR00002	SFAR00003	f
S2PCPEINTECLATROUGEL	PEINT ECLAT ROUGE LUMIERE 3 KG	35.00000000	S2PCPEINTECLATROUGEL.jpg	569243	-5.00000000	f	FAR00004	SFAR00006	t
S2PCPEINTECLAT3KGVEL	PEINT ECLAT VERT LUMIERE 3KG	35.00000000	S2PCPEINTECLAT3KGVEL.jpg	569202	9.00000000	f	FAR00004	SFAR00006	t
S2PCPEINTECLAT3KGJ	PEINT ECLAT JAUNE CITRON 3 KG	30.00000000	S2PCPEINTECLAT3KGJ.jpg	569198	-16.00000000	f	FAR00004	SFAR00006	t
GRK349-1	KIT HYGIENE WC avec support douchette	75.00000000	GRK349-1.jpg	569282	-12.00000000	f	FAR00003	SFAR00010	t
S2PCPEINTECLAT1KJ	PEINT ECLAT JAUNE CITRON 1 KG	15.00000000	S2PCPEINTECLAT1KJ.jpg	569188	-19.00000000	f	FAR00004	SFAR00005	t
CENI241080	CHAUFFE EAU VERTICAL 50L THERMOR	210.00000000	CENI241080.jpg	569289	-105.00000000	f	FAR00003	SFAR00011	t
S2PCFUSHIA1KG	PEINT ECLAT FUSHIA 1KG	15.00000000	S2PCFUSHIA1KG.jpg	569173	11.00000000	f	FAR00004	SFAR00005	t
S2PCPEINTECLAT3KGTBR	PEINT ECLAT TON BRIQUE 3KG	35.00000000	S2PCPEINTECLAT3KGTBR.jpg	569200	-8.00000000	f	FAR00004	SFAR00006	t
S2PCPEINTECLATBLEULU	PEINT ECLAT BLEU LUMIERE 1KG	15.00000000	S2PCPEINTECLATBLEULU.jpg	569210	59.00000000	f	FAR00004	SFAR00005	t
S2PCARDOISINENOIR	PEINTURE ARDOISINE1KG	8.00000000	empty.png	0	-93.00000000	f	FAR00004	SFAR00005	t
S2PCPEINTECLAT1KGORA	PEINT ECLAT ORANGE 1KG	15.00000000	S2PCPEINTECLAT1KGORA.jpg	569180	173.00000000	f	FAR00004	SFAR00005	t
S2PCPEINTECLATGRISCL	PEINT ECLAT GRIS CLAIR 1KG	15.00000000	S2PCPEINTECLATGRISCL.jpg	569214	-323.00000000	f	FAR00004	SFAR00005	t
PRESTO30202	PRESTO BEC TOURNANT MOBILE LAVABO	85.00000000	PRESTO30202.jpg	569305	35.00000000	f	FAR00003	SFAR00012	t
S2PCPEINTECLAT1KGVEP	PEINT ECLAT VERT PIN 1KG	15.00000000	S2PCPEINTECLAT1KGVEP.jpg	569187	-1.00000000	f	FAR00004	SFAR00005	t
S2PCPEINTECLATGRISAC	PEINT ECLAT GRIS ACIER 1KG	15.00000000	S2PCPEINTECLATGRISAC.jpg	569213	192.00000000	f	FAR00004	SFAR00005	t
GRK3003-4G	REDUCTEUR DE PRESSION SERIE 3000 MF REGLABLE	40.00000000	GRK3003-4G.jpg	569291	-249.00000000	f	FAR00003	SFAR00011	t
S2PCPEINTECLAT1KGR3	PEINT ECLAT ROSE 3KG	35.00000000	S2PCPEINTECLAT1KGR3.jpg	569182	18.00000000	f	FAR00004	SFAR00006	t
CENI231035	CHAUFFE EAU VERTICAL 30L THERMOR	195.00000000	CENI231035.jpg	569288	-148.00000000	f	FAR00003	SFAR00011	t
S2PCPEINTECLATJAUNE3	PEINT ECLAT JAUNE LUMIERE 3KG	35.00000000	S2PCPEINTECLATJAUNE3.jpg	569250	-152.00000000	f	FAR00004	SFAR00006	t
PRESTO65005	PRESTO LAVABO ROBINET SIMPLE NEO	90.00000000	PRESTO65005.jpg	569321	24.00000000	f	FAR00003	SFAR00012	t
S2PCPEINTECLATVERTPI	PEINT ECLAT VERT PIN 3KG	35.00000000	S2PCPEINTECLATVERTPI.jpg	569236	1.00000000	f	FAR00004	SFAR00006	t
S2PCBATIPEINT20KG	PEINTURE BATIPEINT BLANC 20 KG	35.00000000	S2PCBATIPEINT20KG.jpg	569466	17.00000000	f	FAR00004	SFAR00008	t
PRESTO64944	PRESTO ROBINET LAVABO EAU FROIDE	95.00000000	PRESTO64944.jpg	569318	10.00000000	f	FAR00003	SFAR00012	t
S2PCPEINTECLAT1KGBLP	PEINT ECLAT BLEU PASTEL 1KG	15.00000000	S2PCPEINTECLAT1KGBLP.jpg	569177	-5.00000000	f	FAR00004	SFAR00005	t
S2PCPEINTECLAT3KGTON	PEINT ECLAT TON BOIS 3KG	35.00000000	S2PCPEINTECLAT3KGTON.jpg	569201	-1.00000000	f	FAR00004	SFAR00006	t
S2PCPEINTECLAT1KG	PEINT ECLAT BLEU MOYEN 1KG	15.00000000	S2PCPEINTECLAT1KG.jpg	569175	-117.00000000	f	FAR00004	SFAR00005	t
CENI251104	CHAUFFE EAU VERTICAL 80L THERMOR	265.00000000	CENI251104.jpg	569290	-21.00000000	f	FAR00003	SFAR00011	t
PRESTO63005	PRESTOGREEN ROBINET SIMPLE MURAL PRESTO 504	72.00000000	PRESTO63005.jpg	569307	56.00000000	f	FAR00003	SFAR00012	t
PRESTO66005	PRESTO LAVABO NEO MURAL 65mm	65.00000000	PRESTO66005.jpg	569323	17.00000000	f	FAR00003	SFAR00012	t
S2PCPEINTECLAT1KGROS	PEINT ECLAT ROSE 1KG	15.00000000	S2PCPEINTECLAT1KGROS.jpg	569183	108.00000000	f	FAR00004	SFAR00005	t
S2PCPEINTECLATROUGBA	PEINT ECLAT ROUGE BASQUE 1KG	15.00000000	S2PCPEINTECLATROUGBA.jpg	569246	61.00000000	f	FAR00004	SFAR00005	t
S2PCPEINTECLATJAUNEL	PEINT ECLAT JAUNE LUMIERE 1KG	15.00000000	S2PCPEINTECLATJAUNEL.jpg	569230	-171.00000000	f	FAR00004	SFAR00005	t
S2PCPEINTECLAT3KGBL	PEINT ECLAT BLEU LUMIERE 3KG	35.00000000	S2PCPEINTECLAT3KGBL.jpg	569189	-20.00000000	f	FAR00004	SFAR00006	t
S2PCPEINTECLAT3KGBLP	PEINT ECLAT BLEU PASTEL 3KG	35.00000000	S2PCPEINTECLAT3KGBLP.jpg	569190	-1.00000000	f	FAR00004	SFAR00006	t
S2PCPEINTECLAT3KGBM	PEINT ECLAT BLEU MOYEN 3KG	35.00000000	S2PCPEINTECLAT3KGBM.jpg	569193	79.00000000	f	FAR00004	SFAR00006	t
S2PCNOIR 3KG	PEINT ECLAT NOIR GLYCERO 1KG	15.00000000	S2PCNOIR 3KG.jpg	569174	-6.00000000	f	FAR00004	SFAR00005	t
PRESTO64711	PRESTO NEO DUO SIMPLE MURAL	90.00000000	PRESTO64711.jpg	569312	19.00000000	f	FAR00003	SFAR00012	t
S2PCPEINTECLAT3KGORA	PEINT ECLAT ORANGE 3KG	35.00000000	S2PCPEINTECLAT3KGORA.jpg	569199	5.00000000	f	FAR00004	SFAR00006	t
S2PCPEINTECLATROUG3K	PEINT ECLAT ROUGE LUMIERE 1KG	15.00000000	S2PCPEINTECLATROUG3K.jpg	569247	230.00000000	f	FAR00004	SFAR00005	t
S2PCPEINTECLATVERTLU	PEINT ECLAT VERT LUMIERE 1KG	15.00000000	S2PCPEINTECLATVERTLU.jpg	569238	-12.00000000	f	FAR00004	SFAR00005	t
PRESTO31001	PRESTO ROBINET URINOIR P12 APPLIQUE 9L/MIN	65.00000000	PRESTO31001.jpg	569306	16.00000000	f	FAR00003	SFAR00012	t
S2PCPEINTPARME1KG	PEINT ECLAT VIOLET PARME 1KG	15.00000000	S2PCPEINTPARME1KG.jpg	569229	32.00000000	f	FAR00004	SFAR00005	t
S2PCPEINTECLAT1KGTON	PEINT ECLAT TON BOIS 1KG	15.00000000	S2PCPEINTECLAT1KGTON.jpg	569186	109.00000000	f	FAR00004	SFAR00005	t
S2PCPEINTECLATGRIS	PEINT ECLAT GRIS FONCE 1KG	15.00000000	S2PCPEINTECLATGRIS.jpg	569212	193.00000000	f	FAR00004	SFAR00005	t
S2PCPEINTECLATVIOLET	PEINT ECLAT 3 KG VIOLET PARME	30.00000000	S2PCPEINTECLATVIOLET.jpg	569231	7.00000000	f	FAR00004	SFAR00006	t
S2PCPEINTECLATNOIR1K	PEINT ECLAT NOIR 1 KG	15.00000000	S2PCPEINTECLATNOIR1K.jpg	569249	-467.00000000	f	FAR00004	SFAR00005	f
GRK11133G	GROUPE DE SECURITE 3/4 N/MAT ACS	30.00000000	GRK11133G.jpg	569292	-408.00000000	f	FAR00003	SFAR00011	t
LG11500	KEVA MOULURE 22X12 (CT DE 45)	3.50000000	LG11500.jpg	639071	4142.00000000	f	FAR00002	SFAR00003	t
LG066752	PLAQUE 2P  BORDEAUX	26.00000000	empty.png	0	0.00000000	f	\N	\N	f
LG066753	PLAQUE 3P  BORDEAUX	38.50000000	empty.png	0	0.00000000	f	\N	\N	f
LG066754	PLAQUE 4P  BORDEAUX	51.50000000	empty.png	0	0.00000000	f	\N	\N	f
LG066761	PLAQUE 1P  VIEUX ROSE	13.00000000	empty.png	0	0.00000000	f	\N	\N	f
LG066762	PLAQUE 2P  VIEUX ROSE	26.00000000	empty.png	0	0.00000000	f	\N	\N	f
LG066763	PLAQUE 3P  VIEUX ROSE	38.50000000	empty.png	0	0.00000000	f	\N	\N	f
LG066764	PLAQUE 4P  VIEUX ROSE	51.50000000	empty.png	0	0.00000000	f	\N	\N	f
S2PCVERTPASTEL3KO	PEINTURE VERT PASTEL 3 KG	30.00000000	S2PCVERTPASTEL3KO.jpg	569216	24.00000000	f	FAR00004	SFAR00006	t
S2PCPEINTECLAT3KGGAC	PEINT ECLAT GRIS ACIER 3KG	35.00000000	S2PCPEINTECLAT3KGGAC.jpg	569195	23.00000000	f	FAR00004	SFAR00006	t
CHAZ12CM4	COUTEAUX 12cm HONORE (12 Pièces)	49.50000000	empty.png	0	2757.00000000	f	FAR00007	SFAR00033	t
S2PCVERNISMARIN1L	VERNIS MARIN 1KG	14.00000000	S2PCVERNISMARIN1L.jpg	569224	-90.00000000	f	FAR00004	SFAR00009	f
S2PCVERNISMARININCOL	VERNIS MARIN 3KG	30.00000000	S2PCVERNISMARININCOL.jpg	569223	-19.00000000	f	FAR00004	SFAR00009	f
SHATTAFBLANCOLUXURY	SHATTAF KIT FLEXITUB OMEGA	20.00000000	SHATTAFBLANCOLUXURY.jpg	569280	-118.00000000	f	FAR00003	SFAR00010	f
CDCABLE4X25METRE	CÂBLE 4X25 AU MÈTRE (R2V)	26.50000000	CDCABLE4X25METRE.jpg	637734	242.00000000	f	FAR00002	SFAR00034	t
S2PCPEINTECLATBLEU3K	PEINT ECLAT BLEU PACIFIQUE 3KG	35.00000000	S2PCPEINTECLATBLEU3K.jpg	569209	16.00000000	f	FAR00004	SFAR00006	t
PROCLEFP37-40	CADENAS LAITON 40MM EN BLISTER CARTON X 60 PCS	8.00000000	empty.png	0	-148.00000000	f	FAR00005	SFAR00032	t
LG68033	LOGIX 45 FOND 85X50 ARTIC NEW	32.00000000	LG68033.jpg	639078	102.00000000	f	FAR00002	SFAR00003	t
LG080108	BATIBOX MACON.ROND.VIS 40/30MM	1.50000000	empty.png	0	-637.00000000	f	\N	\N	t
HAGGP313P	PORTE OPAQUE GAMMA13 pr GD313A	55.00000000	HAGGP313P.jpg	639450	179.00000000	f	FAR00002	SFAR00030	t
SCHR9H13401	Resi9 COFFRET SAILLIE BLANC 1X13 SANS PORTE SCHNEIDER	28.00000000	SCHR9H13401.jpg	639545	-22.00000000	f	FAR00002	SFAR00030	t
CENI123112	BOITE AUX LETTRES KUBE SIMPLE FACE VERT	48.00000000	CENI123112.jpg	637863	22.00000000	f	FAR00007	SFAR00020	t
HAGGBD5008509016	GOULOTTE 85X50 CARTON DE 8 BARRES SOIT 16 METRES TEHALIT	35.00000000	empty.png	0	-21.00000000	f	FAR00002	SFAR00003	t
PROCLEFP37-30	CADENAS LAITON 30MM EN BLISTER CARTON DE 60 PIECES	6.00000000	empty.png	0	-102.00000000	f	FAR00005	SFAR00032	t
SKU453	PROJECTEUR LED 20W AVEC DETECTEUR 6400K	65.00000000	SKU453.jpg	569603	-70.00000000	f	FAR00010	\N	t
LG6000010	INTER SIMPLE V/V DOOXIE AVEC PLAQUE SIMPLE	8.00000000	LG6000010.jpg	566573	-4067.00000000	f	FAR00002	SFAR00002	f
NG10041540	ICTA GAINE TAG 20 - 100M	55.00000000	NG10041540.jpg	638004	157.00000000	f	FAR00002	SFAR00029	t
NG10041940	ICTA GAINE TAG 25 - 100M	82.00000000	NG10041940.jpg	638003	-47.00000000	f	FAR00002	SFAR00029	t
ICTA2025M	ICTA GAINE TAG 20 - 25M	15.00000000	ICTA2025M.jpg	638001	67.00000000	f	FAR00002	SFAR00029	t
SKU2768	VTAC LED A60 RGB BULB AVEC TELECOMMANDE	17.00000000	SKU2768.jpg	618498	-105.00000000	f	FAR00010	SFAR00013	t
CENIDC750	DILUANT 750	6.00000000	CENIDC750.jpg	652513	6568.00000000	f	FAR00008	SFAR00028	t
HAGGD113A	COFFRET GAMMA+13/ 1x13M SANS PORTE HAGER	30.00000000	HAGGD113A.jpg	638414	178.00000000	f	FAR00002	SFAR00030	t
PROCLEFP37-50	CADENAS LAITON 50MM EN BLISTER CARTON DE 60	10.00000000	empty.png	0	-64.00000000	f	FAR00005	SFAR00032	t
EDA019593	SEAU 16 LITRES VERT CANADA SAC X 10	9.00000000	EDA019593.jpg	638033	337.00000000	f	FAR00007	SFAR00022	t
PW11500	KEVA M 22X12 1 COMPARTIMENT (CT DE 45]	3.50000000	PW11500.jpg	638568	-2245.00000000	f	FAR00002	SFAR00003	t
ARMOULD07125	IRL TUBIRO DE 25 EN 3M (17P)	3.50000000	ARMOULD07125.jpg	637806	-958.00000000	f	FAR00002	SFAR00027	t
LG067904	ENJO 2XCDE VOYANT GRAPHITE	26.00000000	empty.png	0	0.00000000	f	\N	\N	f
LG067911	ENJO 2P+T FB GRAPH	8.00000000	empty.png	0	0.00000000	f	\N	\N	f
LG067912	ENJO 2P+T FB  GRAPHITE	8.00000000	empty.png	0	0.00000000	f	\N	\N	f
LG067914	ENJO 4X2P+T FB SURFACE GRAPH	43.00000000	empty.png	0	0.00000000	f	\N	\N	f
LG067921	ENJO CDE BIPOLAIRE GRAPHITE	18.00000000	empty.png	0	0.00000000	f	\N	\N	f
LG067923	ENJO CDE BIP VOYANT GRAPHITE	26.00000000	empty.png	0	0.00000000	f	\N	\N	f
LG067934	ENJO CDE PORTE ETIQUETTE GRAPH	41.00000000	empty.png	0	0.00000000	f	\N	\N	f
LG067938	ENJO TELEPHONE TE GRAPHITE	7.50000000	empty.png	0	0.00000000	f	\N	\N	f
LG067943	ENJO OBTURATEUR GRAPHITE	12.50000000	empty.png	0	0.00000000	f	\N	\N	f
LG067955	ENJO INTER VR STORES GRAPHITE	25.00000000	empty.png	0	0.00000000	f	\N	\N	f
LG067961	ENJO COMMANDE VMC GRAPHITE	12.50000000	empty.png	0	0.00000000	f	\N	\N	f
LG067982	TV OR SAT COVER GRAPHITE	8.00000000	empty.png	0	0.00000000	f	\N	\N	f
LG067983	ENJO TV RD GRAPHITE	12.50000000	empty.png	0	0.00000000	f	\N	\N	f
LG067985	ENJO TV RD SAT GRAPHITE	12.50000000	empty.png	0	0.00000000	f	\N	\N	f
LG068003	ENJO.BLANC COUPUR VOYANT SIMPL	19.50000000	empty.png	0	0.00000000	f	\N	\N	f
LG068004	ENJO.BLANC COUPUR VOYANT DOUBL	21.50000000	empty.png	0	0.00000000	f	\N	\N	f
LG068040	ENJO 2P+T FB  SURFACE ROUGE	8.00000000	empty.png	0	0.00000000	f	\N	\N	f
LG068061	ENJ.BLANC COMMANDE DE VMC	8.00000000	empty.png	0	0.00000000	f	\N	\N	f
LG068115	ENJO 2P+T SURFACE VOYA BLC	13.50000000	empty.png	0	0.00000000	f	\N	\N	f
LG068143	ENJ.BLANC OBTURATEUR	8.00000000	empty.png	0	0.00000000	f	\N	\N	f
LG068151	ENJ.BLANC INTER VR / STORES	20.00000000	empty.png	0	0.00000000	f	\N	\N	f
LG068238	ENJ.BLANC PRISE TELEPH TE FRAN	2.50000000	empty.png	0	0.00000000	f	\N	\N	f
LG068282	ENJ.BLANC PRISE SIMP TV OU SAT	3.50000000	empty.png	0	0.00000000	f	\N	\N	f
LG068283	ENJ.BLANC PRISE TV/RD	8.00000000	empty.png	0	0.00000000	f	\N	\N	f
LG068301	ENJO.TITA COUPURE SIMPLE	8.00000000	empty.png	0	0.00000000	f	\N	\N	f
LG068302	ENJO.TITA COUPURE DOUBLE	16.00000000	empty.png	0	0.00000000	f	\N	\N	f
LG068303	ENJO.TITA COUPUR VOYANT SIMPL	24.00000000	empty.png	0	0.00000000	f	\N	\N	f
LG068304	ENJO.TITA COUPUR VOYANT DOUBL	26.00000000	empty.png	0	0.00000000	f	\N	\N	f
LG068361	ENJ.TITA COMMANDE DE VMC	12.50000000	empty.png	0	0.00000000	f	\N	\N	f
LG068411	ENJO 2P+T FB SURFACE TITANE	8.00000000	empty.png	0	0.00000000	f	\N	\N	f
LG068415	ENJO 2P+T SURFACE VOYA TITA	18.00000000	empty.png	0	0.00000000	f	\N	\N	f
LG068443	ENJ.TITA OBTURATEUR	12.50000000	empty.png	0	0.00000000	f	\N	\N	f
LG068451	ENJ.TITA INTER VR / STORES	25.00000000	empty.png	0	0.00000000	f	\N	\N	f
LG068538	ENJ.TITA PRISE TELEPH TE FRAN	7.50000000	empty.png	0	0.00000000	f	\N	\N	f
LG068582	ENJ.TITA PRISE SIMP TV OU SAT	8.00000000	empty.png	0	0.00000000	f	\N	\N	f
LG068583	ENJ.TITA PRISE TV/RD	12.50000000	empty.png	0	0.00000000	f	\N	\N	f
LG068585	ENJ.TITA PRISE TV/RD/SAT	12.50000000	empty.png	0	0.00000000	f	\N	\N	f
LG068535	ENJO. PRISE AUDIO XLR TITANE	12.50000000	empty.png	0	0.00000000	f	\N	\N	f
LG067005	PERMUTATEUR 10AX	65.00000000	empty.png	0	0.00000000	f	\N	\N	f
LG067007	VA ET VIENT TSN	123.00000000	empty.png	0	0.00000000	f	\N	\N	f
LG067008	VA ET VIENT 10AX A TIRAGE	69.50000000	empty.png	0	0.00000000	f	\N	\N	f
LG067009	INTER A CLEF 2 POS (1F+1O)	196.00000000	empty.png	0	0.00000000	f	\N	\N	f
LG067012	VA ET VIENT INTUITION CELIANE	66.50000000	empty.png	0	0.00000000	f	\N	\N	f
LG067020	INTER BIPOLAIRE 16 AX	48.00000000	empty.png	0	0.00000000	f	\N	\N	f
LG067025	DETECTEUR 3FILS BASIC CELIANE	93.50000000	empty.png	0	0.00000000	f	\N	\N	f
LG067026	DETECTEUR 2 FILS DEROG CELIANE	185.00000000	empty.png	0	0.00000000	f	\N	\N	f
LG067027	DETECTEUR MINUTERIE CELIANE	144.00000000	empty.png	0	0.00000000	f	\N	\N	f
LG067034	POUSSOIR 6A TEMOIN	26.00000000	empty.png	0	0.00000000	f	\N	\N	f
LG067038	POUSS INVERSEUR 6A A TIRAGE	71.00000000	empty.png	0	0.00000000	f	\N	\N	f
LG067039	POUS CLEF 3 POS BARILLET EURO	196.50000000	empty.png	0	0.00000000	f	\N	\N	f
LG067041	INTER COMMANDE TACTILE	197.00000000	empty.png	0	0.00000000	f	\N	\N	f
LG067042	VV+NEUTRE COMMANDE TACTILE	208.00000000	empty.png	0	0.00000000	f	\N	\N	f
LG067051	INTER TEMPORISE (1000W)	270.00000000	empty.png	0	0.00000000	f	\N	\N	f
LG067086	VARIATEUR 3FILS 1000W CELIANE	663.00000000	empty.png	0	0.00000000	f	\N	\N	f
LG067089	COMMANDE TELEVARIATION	145.00000000	empty.png	0	0.00000000	f	\N	\N	f
LG067093	INTER AUTO PRE-ECLAIR / BALIS	252.00000000	empty.png	0	0.00000000	f	\N	\N	f
LG067096	DT DETECTEUR  BP S/ N CELIANE	253.00000000	empty.png	0	0.00000000	f	\N	\N	f
LG067099	DETECTEUR 3FILS 2000W CELIANE	206.00000000	empty.png	0	0.00000000	f	\N	\N	f
LG067106	PRISE+CHARG 2USBA 2.4A PRECAB	87.50000000	empty.png	0	0.00000000	f	\N	\N	f
LG067114	PRISE 2P+T F/B DETROMPEE	26.50000000	empty.png	0	0.00000000	f	\N	\N	f
LG067116	PRISE+CHARG 1USBA 1A RENOV	87.50000000	empty.png	0	0.00000000	f	\N	\N	f
LG067124	PRISE 2X2P+T F/B PRECABLEE EVO	24.50000000	empty.png	0	0.00000000	f	\N	\N	f
LG067126	PRISE 3X2P+T F/B PRECABLEE EVO	36.50000000	empty.png	0	0.00000000	f	\N	\N	f
LG067128	PRISE 4X2P+T F/B PRECABLEE EVO	49.00000000	empty.png	0	0.00000000	f	\N	\N	f
LG067133	PRISE 2P+T F/B CONFORT MANIP	118.50000000	empty.png	0	0.00000000	f	\N	\N	f
LG067134	PRISE 2P+T MANIP FACILE TITANE	128.00000000	empty.png	0	0.00000000	f	\N	\N	f
LG067153	PRISE 2P+T SCHUKO BORNE AUTO	20.50000000	empty.png	0	0.00000000	f	\N	\N	f
LG067155	PRISE 2P+T BS 13A	29.50000000	empty.png	0	0.00000000	f	\N	\N	f
LG067157	PRISE 2P+T US 15A	30.00000000	empty.png	0	0.00000000	f	\N	\N	f
LG067159	PRISE RASOIR	125.00000000	empty.png	0	0.00000000	f	\N	\N	f
LG067193	PARAFOUDRE	279.50000000	empty.png	0	0.00000000	f	\N	\N	f
LG067307	ATTENUATEUR 100V-25W CELIANE2M	284.00000000	empty.png	0	0.00000000	f	\N	\N	f
LG067308	INTERFACE BLUETOOTH DIFF SON	354.00000000	empty.png	0	0.00000000	f	\N	\N	f
LG067310	PACK DIFF.SONORE FAUX PLAFOND	574.00000000	empty.png	0	0.00000000	f	\N	\N	f
LG067311	PRISE HAUTS / PARLEURS	24.00000000	empty.png	0	0.00000000	f	\N	\N	f
LG067312	PRISE BANANE 2S.CELIANE	101.00000000	empty.png	0	0.00000000	f	\N	\N	f
LG067313	PRISE TRIPLE AUDIO/RCA VID/RCA	178.50000000	empty.png	0	0.00000000	f	\N	\N	f
LG067316	PRISE AUDIO VIDEO HD15 (VGA)	175.50000000	empty.png	0	0.00000000	f	\N	\N	f
LG067317	PRISE AUDIO VIDEO HDMI	175.00000000	empty.png	0	0.00000000	f	\N	\N	f
LG067318	PRISE AUDIO VIDEO JACK 3,5	141.00000000	empty.png	0	0.00000000	f	\N	\N	f
LG067319	PRISE HD15+J CELIANE 2M	230.00000000	empty.png	0	0.00000000	f	\N	\N	f
LG067320	DIFF SON INDIV:TUNER	340.00000000	empty.png	0	0.00000000	f	\N	\N	f
LG067321	DIFF. SON.INDIV.ALIM+HP APPAR	130.00000000	empty.png	0	0.00000000	f	\N	\N	f
LG067322	ALIM 3,5W 15V FAUX PLAFOND	194.00000000	empty.png	0	0.00000000	f	\N	\N	f
LG067323	DIFF SONO COMMANDE LOCALE	575.00000000	empty.png	0	0.00000000	f	\N	\N	f
LG067324	DIFF SONO SURVEILLANCE + COM	856.00000000	empty.png	0	0.00000000	f	\N	\N	f
LG067325	DIFF SONO SOURCE TUNER	666.00000000	empty.png	0	0.00000000	f	\N	\N	f
LG067326	TUNER RDS100-240V CELIANE	1160.50000000	empty.png	0	0.00000000	f	\N	\N	f
LG067327	DIFF SON HP SPOT 2"	131.00000000	empty.png	0	0.00000000	f	\N	\N	f
LG067328	DIFF SONO HP APPAREILLAGE	64.00000000	empty.png	0	0.00000000	f	\N	\N	f
LG067335	XLR FEMELLE CELIANE	133.50000000	empty.png	0	0.00000000	f	\N	\N	f
LG067369	CDE ON/STD BY VIDEOPRO.CELIANE	315.50000000	empty.png	0	0.00000000	f	\N	\N	f
LG067371	MEDIA HUB LIGHT CELIANE BLANC	419.50000000	empty.png	0	0.00000000	f	\N	\N	f
LG067372	USB PRE-CONNECTORISEE CELIANE	159.50000000	empty.png	0	0.00000000	f	\N	\N	f
LG067374	MEDIA HUB LIGHT CELIANE TITANI	418.50000000	empty.png	0	0.00000000	f	\N	\N	f
LG067375	MEDIA HUB LIGHT CELIANE GRAPHI	418.50000000	empty.png	0	0.00000000	f	\N	\N	f
LG067376	HD15+JACK PRE-CONNECT.CELIANE	170.50000000	empty.png	0	0.00000000	f	\N	\N	f
LG067377	HDMI PRE-CONNECTORISEE CELIANE	106.00000000	empty.png	0	0.00000000	f	\N	\N	f
LG067393	CELIANE TV-R-SAT + SAT	71.00000000	empty.png	0	0.00000000	f	\N	\N	f
LG067402	THERMOSTAT PROGRAM	519.50000000	empty.png	0	0.00000000	f	\N	\N	f
LG067412	PROGRAM FP 6 ORDRES 2+1 ZONES	619.50000000	empty.png	0	0.00000000	f	\N	\N	f
LG067423	INTER VENTILATION RETARDEE	284.50000000	empty.png	0	0.00000000	f	\N	\N	f
LG067430	PRISE ASPI CENTRALISEE SS CT	114.50000000	empty.png	0	0.00000000	f	\N	\N	f
LG067432	PRISE ASPI CENTRALISEE AVEC CT	172.00000000	empty.png	0	0.00000000	f	\N	\N	f
LG067433	PRISE ASPI +CONTACT TITANE	176.50000000	empty.png	0	0.00000000	f	\N	\N	f
LG067439	KIT RACCORDEMENT ASPI CENTRAL	81.00000000	empty.png	0	0.00000000	f	\N	\N	f
LG067462	CHARG 2USB A+A 2.4A 12W	76.00000000	empty.png	0	0.00000000	f	\N	\N	f
LG067465	CHARG 2USB A+C  3A 15W	76.50000000	empty.png	0	0.00000000	f	\N	\N	f
LG067466	CHARG 2USB C+C  3A 15W	76.50000000	empty.png	0	0.00000000	f	\N	\N	f
LG067531	INTER A CLEF POUR B.A.E.S.	286.50000000	empty.png	0	0.00000000	f	\N	\N	f
LG067541	CARILLON 230V	307.00000000	empty.png	0	0.00000000	f	\N	\N	f
LG067542	CARILLON 8V	300.50000000	empty.png	0	0.00000000	f	\N	\N	f
LG067560	POUSS.APPEL+INDICAT.ETAT HOTEL	105.50000000	empty.png	0	0.00000000	f	\N	\N	f
LG067563	INTERRUPTEUR A BADGE	149.50000000	empty.png	0	0.00000000	f	\N	\N	f
LG067604	COMMANDE DE FENETRE DE TOIT	71.50000000	empty.png	0	0.00000000	f	\N	\N	f
LG067621	COMMANDE VR PROGRAMMABLE	649.50000000	empty.png	0	0.00000000	f	\N	\N	f
LG067622	RELAIS CDE GROUP VR PROGR	139.00000000	empty.png	0	0.00000000	f	\N	\N	f
LG067652	SPOT DE BALISAGE A LEDS	102.00000000	empty.png	0	0.00000000	f	\N	\N	f
LG067653	VOYANT DE BALISAGE AUTONOME	90.00000000	empty.png	0	0.00000000	f	\N	\N	f
LG067654	SPOT BALISAGE ESCALIER A LEDS	102.00000000	empty.png	0	0.00000000	f	\N	\N	f
LG067655	SPOT ORIENTABLE LEDS	182.50000000	empty.png	0	0.00000000	f	\N	\N	f
LG067656	LISEUSE A LEDS BLANCHE	245.50000000	empty.png	0	0.00000000	f	\N	\N	f
LG067657	LISEUSE A LEDS TITANE	250.50000000	empty.png	0	0.00000000	f	\N	\N	f
LG067660	PORTE ETIQUETTE	8.00000000	empty.png	0	0.00000000	f	\N	\N	f
LG067670	VOYANT ETRIER 230V TEMOIN LUM	58.50000000	empty.png	0	0.00000000	f	\N	\N	f
LG067693	CARTOUCHE DE RECHARGE PARAFOUD	35.00000000	empty.png	0	0.00000000	f	\N	\N	f
LG067740	ENJO ANTIBACT COMMANDE SIMPLE	8.00000000	empty.png	0	0.00000000	f	\N	\N	f
LG067741	ENJO ANTIBACT COMMANDE DOUBLE	16.00000000	empty.png	0	0.00000000	f	\N	\N	f
LG067742	ENJO ANTIBACT CDE VOYANT SIMP	24.00000000	empty.png	0	0.00000000	f	\N	\N	f
LG067743	ENJO ANTIBACT CDE VOYANT DOUB	26.00000000	empty.png	0	0.00000000	f	\N	\N	f
LG067744	ENJO ANTIBACT PRISE F/B	8.00000000	empty.png	0	0.00000000	f	\N	\N	f
LG067746	ENJO ANTIBACT TELEPHONE RJ	12.50000000	empty.png	0	0.00000000	f	\N	\N	f
LG067747	ENJO ANTIBACT PRISE TV	8.00000000	empty.png	0	0.00000000	f	\N	\N	f
LG067749	ENJO ANTIBACT COMMANDES VR	12.50000000	empty.png	0	0.00000000	f	\N	\N	f
LG067801	ENJO IP44 COUPURE SIMPLE BLANC	11.50000000	empty.png	0	0.00000000	f	\N	\N	f
LG067802	ENJO.IP44 COUPURE DOUBLE BLANC	42.00000000	empty.png	0	0.00000000	f	\N	\N	f
LG067803	ENJO IP44  DOIGT VOYANT BLC	71.00000000	empty.png	0	0.00000000	f	\N	\N	f
LG067804	ENJO.IP44 DOUBLE VOYANT BLANC	79.00000000	empty.png	0	0.00000000	f	\N	\N	f
LG067805	ENJO.IP44 PORTE ETIQUET. BLANC	90.00000000	empty.png	0	0.00000000	f	\N	\N	f
LG067808	ENJO ATTENUA DE LIGNE GRAPH	18.00000000	empty.png	0	0.00000000	f	\N	\N	f
LG067812	ENJO 2P+T IP44 FB BLANC	11.50000000	empty.png	0	0.00000000	f	\N	\N	f
LG067813	ENJO HAUT PARLEUR SIMPLE GRAPH	12.50000000	empty.png	0	0.00000000	f	\N	\N	f
LG067814	ENJO 2X HAUT PARLEUR GRAPHITE	12.50000000	empty.png	0	0.00000000	f	\N	\N	f
LG067816	ENJO AUDIO VIDEO HDMI GRAPHITE	18.00000000	empty.png	0	0.00000000	f	\N	\N	f
LG067817	ENJO AUDIO JACK 35MM GRAPH	18.00000000	empty.png	0	0.00000000	f	\N	\N	f
LG067818	ENJO BLUETOOTH DIFF SON GRAPH	18.00000000	empty.png	0	0.00000000	f	\N	\N	f
LG067819	ENJO HD15+JACK PRE CON GRAPH	12.50000000	empty.png	0	0.00000000	f	\N	\N	f
LG067826	ENJO DIF SON EXT TUNER GRAPH	26.00000000	empty.png	0	0.00000000	f	\N	\N	f
LG067841	ENJO. IP44 2P+T SCHUKO BLANC	28.50000000	empty.png	0	0.00000000	f	\N	\N	f
LG067863	ENJO RCA AUDIO VIDEO GRAPHITE	12.50000000	empty.png	0	0.00000000	f	\N	\N	f
LG067864	ENJO 2X RCA AUDIO VIDEO GRAPH	12.50000000	empty.png	0	0.00000000	f	\N	\N	f
LG067870	ENJO TUNER INDIVIDUEL GRAPHITE	12.50000000	empty.png	0	0.00000000	f	\N	\N	f
LG067871	ENJO DIFF SON CENTRAL GRAPHITE	18.00000000	empty.png	0	0.00000000	f	\N	\N	f
LG067872	ENJO 2XAUDIO BANANA GRAPHITE	12.50000000	empty.png	0	0.00000000	f	\N	\N	f
LG067873	ENJO CDE LOCALE GRAPHITE	18.00000000	empty.png	0	0.00000000	f	\N	\N	f
LG067874	ENJO 4XAUDIO BANANA GRAPHITE	12.50000000	empty.png	0	0.00000000	f	\N	\N	f
LG067878	ENJO DIFF SON HP GRAPHITE	12.50000000	empty.png	0	0.00000000	f	\N	\N	f
LG067879	ENJO DIFF SON ALIM+HP GRAPHITE	12.50000000	empty.png	0	0.00000000	f	\N	\N	f
LG067887	ENJO RESEAU CABLE GRAPHITE	12.50000000	empty.png	0	0.00000000	f	\N	\N	f
LG067905	ENJO 5XCOMMANDES GRAPHITE	38.00000000	empty.png	0	0.00000000	f	\N	\N	f
LG067906	ENJO 5XCDE VOYANT GRAPHITE	43.00000000	empty.png	0	0.00000000	f	\N	\N	f
LG067907	CAPOT VENTILO	18.00000000	empty.png	0	0.00000000	f	\N	\N	f
LG067908	ENJO COUPURE A TIRAGE GRAPHITE	12.50000000	empty.png	0	0.00000000	f	\N	\N	f
LG067909	ENJO INTER A BADGE GRAPHITE	41.00000000	empty.png	0	0.00000000	f	\N	\N	f
LG067910	ENJO DOCK USB GRAPHITE	41.00000000	empty.png	0	0.00000000	f	\N	\N	f
LG067915	ENJO 2P+T SURFACEVOYA GRAPH	18.00000000	empty.png	0	0.00000000	f	\N	\N	f
LG067916	ENJO USB + 2P+T FB RENOV GRAPH	43.00000000	empty.png	0	0.00000000	f	\N	\N	f
LG067918	ENJO SWITCH 6P RJ45 GRAPH	38.00000000	empty.png	0	0.00000000	f	\N	\N	f
LG067919	ENJO PRISE SUB D9/HD15 GRAPH	18.00000000	empty.png	0	0.00000000	f	\N	\N	f
LG067922	ENJO VV INTUITION GRAPH	12.50000000	empty.png	0	0.00000000	f	\N	\N	f
LG067924	ENJO SUPPORT SMARTPHONE GRAPH	41.00000000	empty.png	0	0.00000000	f	\N	\N	f
LG067925	ENJO PRECA COMP 4X2P+T GRAPH	38.00000000	empty.png	0	0.00000000	f	\N	\N	f
LG067926	ENJO ECO DETECT NEUTRE GRAPH	26.00000000	empty.png	0	0.00000000	f	\N	\N	f
LG067928	ENJO INTER HORAIRE GRAPHITE	12.50000000	empty.png	0	0.00000000	f	\N	\N	f
LG067929	ENJO INTER A CLEF BAES GRAPH	12.50000000	empty.png	0	0.00000000	f	\N	\N	f
LG067930	ENJO PRISE XLR FEMELLE GRAPH	12.50000000	empty.png	0	0.00000000	f	\N	\N	f
LG067931	ENJO 2P+T SCHUKO GRAPHITE	12.50000000	empty.png	0	0.00000000	f	\N	\N	f
LG067932	ENJO STANDARD BS 2P+T GRAPH	12.50000000	empty.png	0	0.00000000	f	\N	\N	f
LG067933	ENJO  VARIATEUR 1000W GRAPHITE	38.00000000	empty.png	0	0.00000000	f	\N	\N	f
LG067935	ENJO PRISE RASOIR GRAPHITE	38.00000000	empty.png	0	0.00000000	f	\N	\N	f
LG067936	ENJO INTER TEMPORISE GRAPHITE	18.00000000	empty.png	0	0.00000000	f	\N	\N	f
LG067939	ENJO RJ + TV GRAPHITE	12.50000000	empty.png	0	0.00000000	f	\N	\N	f
LG067942	ENJO SONDE THERMOSTAT GRAPH	12.50000000	empty.png	0	0.00000000	f	\N	\N	f
LG067947	ENJO PARAFOUDRE GRAPH	12.50000000	empty.png	0	0.00000000	f	\N	\N	f
LG067949	ENJO INTER SS CONTACT GRAPHITE	12.50000000	empty.png	0	0.00000000	f	\N	\N	f
LG067950	ENJO PRISE USB GRAPHITE	12.50000000	empty.png	0	0.00000000	f	\N	\N	f
LG067953	ENJO VOLET ROULANT HOTEL GRAPH	26.00000000	empty.png	0	0.00000000	f	\N	\N	f
LG067954	ENJO SPOT ESCALIER GRAPH	12.50000000	empty.png	0	0.00000000	f	\N	\N	f
LG067956	ENJO 2XCHARGEUR USB GRAPHITE	12.50000000	empty.png	0	0.00000000	f	\N	\N	f
LG067957	ENJO POUS CLEF 3 POS GRAPH	12.50000000	empty.png	0	0.00000000	f	\N	\N	f
LG067959	ENJO CDE VR PROG GRAPHITE	26.00000000	empty.png	0	0.00000000	f	\N	\N	f
LG067960	ENJO NE PAS DERANGER GRAPH	41.00000000	empty.png	0	0.00000000	f	\N	\N	f
LG067962	ENJO CMD GEN ECLAIRAGE GRAPH	18.00000000	empty.png	0	0.00000000	f	\N	\N	f
LG067963	ENJO CMD ENTREE BUREAU GRAPH	26.00000000	empty.png	0	0.00000000	f	\N	\N	f
LG067965	ENJO CMD DE STORES GRAPH	26.00000000	empty.png	0	0.00000000	f	\N	\N	f
LG067967	ENJO 2P+T STD US 15A GRAPHITE	12.50000000	empty.png	0	0.00000000	f	\N	\N	f
LG067968	ENJO LAMPE AUTONOME GRAPHITE	12.50000000	empty.png	0	0.00000000	f	\N	\N	f
LG067969	ENJO INTER CLE 1F+1O EUR GRAPH	12.50000000	empty.png	0	0.00000000	f	\N	\N	f
LG067970	ENJOLIVEUR TV/R/SAT/SAT GRAPHI	13.00000000	empty.png	0	0.00000000	f	\N	\N	f
LG067980	ENJO THERMOSTAT HV AC GRAPHITE	12.50000000	empty.png	0	0.00000000	f	\N	\N	f
LG067986	ENJO INT AUT ECL BALIS GRAPH	12.50000000	empty.png	0	0.00000000	f	\N	\N	f
LG067987	ENJO CARILLON TEM LUM GRAPH	18.00000000	empty.png	0	0.00000000	f	\N	\N	f
LG067990	ENJO MMEDIA RJ 45 GRAPHITE	18.00000000	empty.png	0	0.00000000	f	\N	\N	f
LG067992	ENJO THERM PROG+TUNER GRAPHITE	38.00000000	empty.png	0	0.00000000	f	\N	\N	f
LG067993	ENJO THERM FIL PILOTE GRAPHITE	18.00000000	empty.png	0	0.00000000	f	\N	\N	f
LG067994	ENJO PRISE 4 MEDIA GRAPHITE	12.50000000	empty.png	0	0.00000000	f	\N	\N	f
LG067995	ENJO OPTIQUE SC/APC GRAPH	12.50000000	empty.png	0	0.00000000	f	\N	\N	f
LG067996	ENJO CMD ON/VEILLE IR GRAPH	12.50000000	empty.png	0	0.00000000	f	\N	\N	f
LG067997	ENJO TV SAT GRAPHITE	12.50000000	empty.png	0	0.00000000	f	\N	\N	f
LG067998	DOIGT DIFFUSIONE SONORE GRAPH	10.00000000	empty.png	0	0.00000000	f	\N	\N	f
LG067999	ENJO INTER AUTO 1000W GRAPHITE	13.00000000	empty.png	0	0.00000000	f	\N	\N	f
LG068008	ENJO.BLANC COUPURE A TIRAGE	8.00000000	empty.png	0	0.00000000	f	\N	\N	f
LG068009	ENJO.BLANC INT.CLE 1F+1O EURO	8.00000000	empty.png	0	0.00000000	f	\N	\N	f
LG068011	ENJ.BLANC COMPACT.5CDE 2P	33.50000000	empty.png	0	0.00000000	f	\N	\N	f
LG068012	ENJO VV INTUITION BLANC	8.00000000	empty.png	0	0.00000000	f	\N	\N	f
LG068014	ENJO BLC CDE PORTE ETIQUETTE	36.00000000	empty.png	0	0.00000000	f	\N	\N	f
LG068020	ENJO BLC CDE QUINTUPLE VOYANT	33.50000000	empty.png	0	0.00000000	f	\N	\N	f
LG068021	ENJ.BLANC COUPURE BIPOLAIRE	13.50000000	empty.png	0	0.00000000	f	\N	\N	f
LG068023	ENJ.BLANC COUPURE BIPOL VOYANT	21.50000000	empty.png	0	0.00000000	f	\N	\N	f
LG068026	ENJO ECO DETECT NEUTRE BLANC	21.50000000	empty.png	0	0.00000000	f	\N	\N	f
LG068033	ENJ.BLANC VARIATEUR 1000W	33.50000000	empty.png	0	0.00000000	f	\N	\N	f
LG068037	ENJ.BLANC INTER TEMPORISE	13.50000000	empty.png	0	0.00000000	f	\N	\N	f
LG068038	ENJ.BLANC INTER HORAIRE	8.00000000	empty.png	0	0.00000000	f	\N	\N	f
LG068041	ENJ.BLANC COUPURE TACTILE	85.50000000	empty.png	0	0.00000000	f	\N	\N	f
LG068049	ENJ.BLANC INTER SANS CONTACT	8.00000000	empty.png	0	0.00000000	f	\N	\N	f
LG068051	ENJ.BLANC INT.AUTO PRE-ECL/BAL	8.00000000	empty.png	0	0.00000000	f	\N	\N	f
LG068054	ENJO BLANC BALISAGE ESCALIER	8.00000000	empty.png	0	0.00000000	f	\N	\N	f
LG068068	ENJO LAMPE AUTONOME BLANC	8.00000000	empty.png	0	0.00000000	f	\N	\N	f
LG068112	ENJO 2P+T FB BLANC	3.00000000	empty.png	0	0.00000000	f	\N	\N	f
LG068114	ENJO BLANC 4X2P+T F/B AFFLEUR	33.50000000	empty.png	0	0.00000000	f	\N	\N	f
LG068116	ENJO USB + 2P+T FB RENOV BLANC	33.50000000	empty.png	0	0.00000000	f	\N	\N	f
LG068118	ENJO CHARG SANSFIL 1A + 1USB A	117.00000000	empty.png	0	0.00000000	f	\N	\N	f
LG068125	ENJ.BLANC 4X2P+T PRECABL.COMP	33.50000000	empty.png	0	0.00000000	f	\N	\N	f
LG068127	PRISE 2P+T FR SURF  USB C BL	98.00000000	empty.png	0	0.00000000	f	\N	\N	f
LG068723	PLAQUE 3P ALU SNAKE	71.50000000	empty.png	0	0.00000000	f	\N	\N	f
LG068724	PLAQUE 4P ALU SNAKE	95.00000000	empty.png	0	0.00000000	f	\N	\N	f
LG068725	PLAQUE 2P ETEND ALU SNAKE	71.50000000	empty.png	0	0.00000000	f	\N	\N	f
LG068726	PLAQUE 3P ETEND ALU SNAKE	95.00000000	empty.png	0	0.00000000	f	\N	\N	f
LG068722	PLAQUE 2P ALU SNAKE	47.50000000	empty.png	0	0.00000000	f	\N	\N	f
LG068728	PLAQUE 2P 57MM ALU SNAKE	52.50000000	empty.png	0	0.00000000	f	\N	\N	f
LG068729	PLAQUE 3P 57MM ALU SNAKE	78.50000000	empty.png	0	0.00000000	f	\N	\N	f
LG068761	PLAQUE 1P ORANGE SNAKE	24.00000000	empty.png	0	0.00000000	f	\N	\N	f
LG068763	PLAQUE 3P ORANGE SNAKE	71.50000000	empty.png	0	0.00000000	f	\N	\N	f
LG068764	PLAQUE 4P ORANGE SNAKE	95.00000000	empty.png	0	0.00000000	f	\N	\N	f
LG068765	PLAQUE 2P ETENDUE ORANGE SNAKE	71.50000000	empty.png	0	0.00000000	f	\N	\N	f
LG068766	PLAQUE 3P ETENDUE ORANGE SNAKE	95.00000000	empty.png	0	0.00000000	f	\N	\N	f
LG068768	PLAQ 2P 57MM ORANGE SNAKE	52.50000000	empty.png	0	0.00000000	f	\N	\N	f
LG068769	PLAQUE 3P 57MM ORANGE SNAKE	78.50000000	empty.png	0	0.00000000	f	\N	\N	f
LG068771	PLAQUE 1P BLUE SNAKE	24.00000000	empty.png	0	0.00000000	f	\N	\N	f
LG068131	ENJ.BLANC PRISE 2P+T SCHUKO	8.00000000	empty.png	0	0.00000000	f	\N	\N	f
LG068133	ENJ.BLANC PRISE 2P+T BS 13A	8.00000000	empty.png	0	0.00000000	f	\N	\N	f
LG068135	ENJ.BLANC PRISE RASOIR	33.50000000	empty.png	0	0.00000000	f	\N	\N	f
LG068137	ENJO BLC PRISE 2P+T US 15A	8.00000000	empty.png	0	0.00000000	f	\N	\N	f
LG068147	ENJO BLANC PARAFOUDRE	8.00000000	empty.png	0	0.00000000	f	\N	\N	f
LG068153	ENJO.VOLET R. HOTEL ROOM BLANC	21.50000000	empty.png	0	0.00000000	f	\N	\N	f
LG068157	ENJ.BLANC POUSS.CLE 3POS.	8.00000000	empty.png	0	0.00000000	f	\N	\N	f
LG068159	ENJ.BLANC COMMANDE VR PROGRAM.	21.50000000	empty.png	0	0.00000000	f	\N	\N	f
LG068160	ENJO."NE PAS DERANGER" BLANC	36.00000000	empty.png	0	0.00000000	f	\N	\N	f
LG068190	ENJO.CDE GENERALE ECLAIR.BLANC	13.50000000	empty.png	0	0.00000000	f	\N	\N	f
LG068191	ENJO.COMMANDE CHEVETS BLANC	13.50000000	empty.png	0	0.00000000	f	\N	\N	f
LG068192	ENJO.CDE ENTREE+BUREAU BLANC	21.50000000	empty.png	0	0.00000000	f	\N	\N	f
LG068194	ENJO.PRISE 4 MEDIA  - BLANC	8.00000000	empty.png	0	0.00000000	f	\N	\N	f
LG068199	ENJ.BLANC INTER CLE POUR BAES	8.00000000	empty.png	0	0.00000000	f	\N	\N	f
LG068200	PASS.CORDONS MULTIMEDIA BLANC	106.50000000	empty.png	0	0.00000000	f	\N	\N	f
LG068201	ENJ.BLANC CARILLON	13.50000000	empty.png	0	0.00000000	f	\N	\N	f
LG068207	ENJ.BLANC POSTE INTER. AUDIO	35.00000000	empty.png	0	0.00000000	f	\N	\N	f
LG068208	ENJO.ATTENUAT.LIGNE 100V BLANC	13.50000000	empty.png	0	0.00000000	f	\N	\N	f
LG068209	ENJ.BLANC INTER A BADGE	36.00000000	empty.png	0	0.00000000	f	\N	\N	f
LG068210	ENJO DOCK USB BLANC	36.00000000	empty.png	0	0.00000000	f	\N	\N	f
LG068211	ENJ.BLANC PRISE HP SIMPLE	8.00000000	empty.png	0	0.00000000	f	\N	\N	f
LG068212	ENJ.BLANC PRISE HP DOUBLE	8.00000000	empty.png	0	0.00000000	f	\N	\N	f
LG068213	ENJ.BLANC PRISE AUDIO/VIDEO	8.00000000	empty.png	0	0.00000000	f	\N	\N	f
LG068214	ENJO BLC 2X TRIPLE AUDIO VIDEO	8.00000000	empty.png	0	0.00000000	f	\N	\N	f
LG068215	ENJO BLC AUDIO VIDEO HD15	13.00000000	empty.png	0	0.00000000	f	\N	\N	f
LG068216	ENJO BLC AUDIO VIDEO HDMI	13.00000000	empty.png	0	0.00000000	f	\N	\N	f
LG068217	ENJO BLC AUDIO VIDEO JACK 3,5	13.00000000	empty.png	0	0.00000000	f	\N	\N	f
LG068218	ENJO BLUETOOTH DIFF SON BLANC	13.50000000	empty.png	0	0.00000000	f	\N	\N	f
LG068219	ENJO. HD15+JACK COMPACT. BLANC	8.00000000	empty.png	0	0.00000000	f	\N	\N	f
LG068220	ENJ.BLANC DIFF SON INDIV.TUNER	8.00000000	empty.png	0	0.00000000	f	\N	\N	f
LG068221	ENJO BLANC DIFF SON CENTRAL	13.50000000	empty.png	0	0.00000000	f	\N	\N	f
LG068223	ENJ.BLANC DIFF.SON CDES LOCAL	13.50000000	empty.png	0	0.00000000	f	\N	\N	f
LG068224	ENJO SUPPORT SMARTPHONE BLANC	36.00000000	empty.png	0	0.00000000	f	\N	\N	f
LG068228	ENJ.BLANC DIFF SON HP APPAREIL	8.00000000	empty.png	0	0.00000000	f	\N	\N	f
LG068229	ENJO BLANC ALIM+HP APPAREIL	8.00000000	empty.png	0	0.00000000	f	\N	\N	f
LG068230	ENJOLIVEUR TV/R/SAT/SAT BLANC	8.00000000	empty.png	0	0.00000000	f	\N	\N	f
LG068231	ENJO.PRISE AUDIO BANANA BLANC	8.00000000	empty.png	0	0.00000000	f	\N	\N	f
LG068232	ENJO.DBLE AUDIO BANANA BLANC	8.00000000	empty.png	0	0.00000000	f	\N	\N	f
LG068235	ENJO. PRISE AUDIO XLR BLANC	8.00000000	empty.png	0	0.00000000	f	\N	\N	f
LG068239	ENJ.BLANC PRISE TELEPHONE+TV	8.00000000	empty.png	0	0.00000000	f	\N	\N	f
LG068240	ENJ.BLANC THERMOSTAT STD HV/AC	8.00000000	empty.png	0	0.00000000	f	\N	\N	f
LG068242	ENJ.BLANC THERMOSTAT PROGRAM.	33.50000000	empty.png	0	0.00000000	f	\N	\N	f
LG068243	ENJO.BLANC SONDE THERMOSTAT	8.00000000	empty.png	0	0.00000000	f	\N	\N	f
LG068245	ENJ.BLANC THERMOST. FIL PILOTE	13.50000000	empty.png	0	0.00000000	f	\N	\N	f
LG068247	ENJ.BLANC INT.SELECT FPILOTE	13.50000000	empty.png	0	0.00000000	f	\N	\N	f
LG068253	ENJOLIVEUR BLANC PRISE USB	8.00000000	empty.png	0	0.00000000	f	\N	\N	f
LG068254	ENJ.BLANC SWITCH CUIV.6P RJ45	33.50000000	empty.png	0	0.00000000	f	\N	\N	f
LG068256	ENJO. DBLE CHARGEUR USB BLANC	8.00000000	empty.png	0	0.00000000	f	\N	\N	f
LG069545	DOUBLE POUS. GRIS COMPO.	43.00000000	empty.png	0	0.00000000	f	\N	\N	f
LG069546	DOUBLE POUS. LUMIN. G. COMPO.	56.00000000	empty.png	0	0.00000000	f	\N	\N	f
LG069547	POUS. DEVEROU. A IMPUL. COMPO.	144.00000000	empty.png	0	0.00000000	f	\N	\N	f
LG069548	POUS. DEVEROU. A CLE COMPO.	244.50000000	empty.png	0	0.00000000	f	\N	\N	f
LG069549	POUS. DEVEROU. 1/4 TR COMPO.	204.50000000	empty.png	0	0.00000000	f	\N	\N	f
LG069555	2P+T F/B VOLET. AUTO. G. COMPO	60.00000000	empty.png	0	0.00000000	f	\N	\N	f
LG069558	PRISE TV SAT COMPO.GRIS	75.50000000	empty.png	0	0.00000000	f	\N	\N	f
LG069563	2P+T F/B PRECAB. 2PV G. COMPO.	50.00000000	empty.png	0	0.00000000	f	\N	\N	f
LG069564	2P+T F/B PRECAB. 3PH G. COMPO.	75.00000000	empty.png	0	0.00000000	f	\N	\N	f
LG069566	PRISE DIFFERENTIE. 10MA COMPO.	370.00000000	empty.png	0	0.00000000	f	\N	\N	f
LG069567	PRISE DIFFERENTIE. 30MA COMPO.	362.00000000	empty.png	0	0.00000000	f	\N	\N	f
LG069568	ADAPTATEUR SIGNIS	39.50000000	empty.png	0	0.00000000	f	\N	\N	f
LG069570	2P+T SCHUKO GRIS COMPO.	32.00000000	empty.png	0	0.00000000	f	\N	\N	f
LG069579	ADAPT. MOSAIC VERROU. COMPO.	33.50000000	empty.png	0	0.00000000	f	\N	\N	f
LG068287	ENJO BLANC PRISE RESEAU CABLE	8.00000000	empty.png	0	0.00000000	f	\N	\N	f
LG068294	ENJO+DOIGT/ US CELIANE BLC	8.00000000	empty.png	0	0.00000000	f	\N	\N	f
LG068295	ENJO. FIBRE OPT. SC/APC BLANC	8.00000000	empty.png	0	0.00000000	f	\N	\N	f
LG068296	ENJO+DOIGT/ IR CELIANE BLANC	8.00000000	empty.png	0	0.00000000	f	\N	\N	f
LG068297	ENJO. PRISE TV-SAT - BLANC	8.00000000	empty.png	0	0.00000000	f	\N	\N	f
LG068299	ENJO/ PIR CELIANE BLANC	8.00000000	empty.png	0	0.00000000	f	\N	\N	f
LG068308	ENJO.TITA COUPURE A TIRAGE	12.50000000	empty.png	0	0.00000000	f	\N	\N	f
LG068309	ENJO.TITA INT.CLE 1F+1O EURO	12.50000000	empty.png	0	0.00000000	f	\N	\N	f
LG068311	ENJ.TITA COMPACT.5CDE 2P	38.00000000	empty.png	0	0.00000000	f	\N	\N	f
LG068312	ENJO VV INTUITION TITAN	12.50000000	empty.png	0	0.00000000	f	\N	\N	f
LG068314	ENJO TIT CDE PORTE ETIQUETTE	41.00000000	empty.png	0	0.00000000	f	\N	\N	f
LG068317	ENJO TITA COUPURE SILENCIEUX	13.50000000	empty.png	0	0.00000000	f	\N	\N	f
LG068320	ENJO TIT CDE QUINTUPLE VOYANT	43.00000000	empty.png	0	0.00000000	f	\N	\N	f
LG068321	ENJ.TITA COUPURE BIPOLAIRE	18.00000000	empty.png	0	0.00000000	f	\N	\N	f
LG068323	ENJ.TITA COUPURE BIPOL VOYANT	26.00000000	empty.png	0	0.00000000	f	\N	\N	f
LG068326	ENJO ECO DETECT NEUTRE TITAN	26.00000000	empty.png	0	0.00000000	f	\N	\N	f
LG068333	ENJ.TITA VARIATEUR 1000W	38.00000000	empty.png	0	0.00000000	f	\N	\N	f
LG068337	ENJ.TITA INTER TEMPORISE	18.00000000	empty.png	0	0.00000000	f	\N	\N	f
LG068338	ENJ.TITA INTER HORAIRE	12.50000000	empty.png	0	0.00000000	f	\N	\N	f
LG068341	ENJO CDE TACTILE KAOLIN	90.00000000	empty.png	0	0.00000000	f	\N	\N	f
LG068346	ENJO CDE TACTILE GRAPHITE	90.00000000	empty.png	0	0.00000000	f	\N	\N	f
LG068349	ENJ.TITA INTER SANS CONTACT	12.50000000	empty.png	0	0.00000000	f	\N	\N	f
LG068351	ENJ.TITA INT.AUT.PRE-ECL/BAL	12.50000000	empty.png	0	0.00000000	f	\N	\N	f
LG068354	ENJO TITAN BALISAGE ESCALIER	12.50000000	empty.png	0	0.00000000	f	\N	\N	f
LG068368	ENJO LAMPE AUTONOME TITANE	12.50000000	empty.png	0	0.00000000	f	\N	\N	f
LG068388	ENJO. VARIATEUR VENTIL. TITANE	18.00000000	empty.png	0	0.00000000	f	\N	\N	f
LG068414	ENJO TITANE 4X2P+T F/B AFFLEUR	43.00000000	empty.png	0	0.00000000	f	\N	\N	f
LG068416	ENJO USB + 2P+T FB RENO TITAN	43.00000000	empty.png	0	0.00000000	f	\N	\N	f
LG068425	ENJ.TITA 4X2P+T PRECABL.COMP	43.00000000	empty.png	0	0.00000000	f	\N	\N	f
LG068427	PRISE 2P+T FR USB C TIT	112.00000000	empty.png	0	0.00000000	f	\N	\N	f
LG068431	ENJ.TITA PRISE 2P+T SCHUKO	12.50000000	empty.png	0	0.00000000	f	\N	\N	f
LG068433	ENJ.TITA PRISE 2P+T BS 13A	12.50000000	empty.png	0	0.00000000	f	\N	\N	f
LG068435	ENJ.TITA PRISE RASOIR	38.00000000	empty.png	0	0.00000000	f	\N	\N	f
LG068437	ENJO TIT PRISE 2P+T US 15A	12.50000000	empty.png	0	0.00000000	f	\N	\N	f
LG068447	ENJO TITA PARAFOUDRE	12.50000000	empty.png	0	0.00000000	f	\N	\N	f
LG068453	ENJO.VOLET R. HOTEL ROOM TITAN	26.00000000	empty.png	0	0.00000000	f	\N	\N	f
LG068454	ENJO. STORES HOTEL ROOM TITANE	26.00000000	empty.png	0	0.00000000	f	\N	\N	f
LG068457	ENJ.TITA POUSS.CLE 3POS.	12.50000000	empty.png	0	0.00000000	f	\N	\N	f
LG068459	ENJ.TITA COMMANDE VR PROGRAM.	26.00000000	empty.png	0	0.00000000	f	\N	\N	f
LG068460	ENJO."NE PAS DERANGER" TITANE	41.00000000	empty.png	0	0.00000000	f	\N	\N	f
LG068490	ENJO.CDE GENERALE ECLAIR.TITAN	18.00000000	empty.png	0	0.00000000	f	\N	\N	f
LG068491	ENJO.COMMANDE CHEVETS TITANE	18.00000000	empty.png	0	0.00000000	f	\N	\N	f
LG068492	ENJO.CDE ENTREE+BUREAU TITANE	26.00000000	empty.png	0	0.00000000	f	\N	\N	f
LG068494	ENJO.PRISE 4 MEDIA  - TITANE	12.50000000	empty.png	0	0.00000000	f	\N	\N	f
LG068499	ENJ.TITA INTER CLE POUR BAES	12.50000000	empty.png	0	0.00000000	f	\N	\N	f
LG068500	PASS.CORDONS MULTIMEDIA TITANE	111.50000000	empty.png	0	0.00000000	f	\N	\N	f
LG068501	ENJ.TITA CARILLON	18.00000000	empty.png	0	0.00000000	f	\N	\N	f
LG068507	ENJ.TITA POSTE INTER. AUDIO	42.00000000	empty.png	0	0.00000000	f	\N	\N	f
LG068508	ENJO.ATTENUAT.LIGN 100V TITANE	18.00000000	empty.png	0	0.00000000	f	\N	\N	f
LG068509	ENJ.TITA INTER A BADGE	41.00000000	empty.png	0	0.00000000	f	\N	\N	f
LG068510	ENJO DOCK USB TITANE	41.00000000	empty.png	0	0.00000000	f	\N	\N	f
LG068511	ENJ.TITA PRISE HP SIMPLE	12.50000000	empty.png	0	0.00000000	f	\N	\N	f
LG068512	ENJ.TITA PRISE HP DOUBLE	12.50000000	empty.png	0	0.00000000	f	\N	\N	f
LG068513	ENJ.TITA PRISE AUDIO/VIDEO	12.50000000	empty.png	0	0.00000000	f	\N	\N	f
LG068514	ENJO TIT 2X TRIPLE AUDIO VIDEO	12.50000000	empty.png	0	0.00000000	f	\N	\N	f
LG068515	ENJO TIT AUDIO VIDEO HD15	18.00000000	empty.png	0	0.00000000	f	\N	\N	f
LG068516	ENJO TIT AUDIO VIDEO HDMI	18.00000000	empty.png	0	0.00000000	f	\N	\N	f
LG068517	ENJO TIT AUDIO VIDEO JACK 3,5	18.00000000	empty.png	0	0.00000000	f	\N	\N	f
LG068518	ENJO BLUETOOTH DIFF SON TIITAN	18.00000000	empty.png	0	0.00000000	f	\N	\N	f
LG068519	ENJO. HD15+JACK COMPACT.TITANE	12.50000000	empty.png	0	0.00000000	f	\N	\N	f
LG068521	ENJO TITA DIFF SON CENTRAL	18.00000000	empty.png	0	0.00000000	f	\N	\N	f
LG068523	ENJ.TITA DIFF.SON CDES LOCAL	18.00000000	empty.png	0	0.00000000	f	\N	\N	f
LG068524	ENJO SUPPORT SMARTPHONE TITANE	41.00000000	empty.png	0	0.00000000	f	\N	\N	f
LG068525	ENJ.TITA DIFF.SON EXT TUNER	26.00000000	empty.png	0	0.00000000	f	\N	\N	f
LG068528	ENJ.TITA DIFF SON HP APPAREIL	12.50000000	empty.png	0	0.00000000	f	\N	\N	f
LG068529	ENJO TITA ALIM+HP APPAREIL	12.50000000	empty.png	0	0.00000000	f	\N	\N	f
LG068530	ENJOLIVEUR TV/R/SAT/SAT TITANE	13.00000000	empty.png	0	0.00000000	f	\N	\N	f
LG068531	ENJO.PRISE AUDIO BANANA TITANE	12.50000000	empty.png	0	0.00000000	f	\N	\N	f
LG068532	ENJO.DBLE AUDIO BANANA TITANE	12.50000000	empty.png	0	0.00000000	f	\N	\N	f
LG068539	ENJ.TITA PRISE TELEPHONE+TV	12.50000000	empty.png	0	0.00000000	f	\N	\N	f
LG068542	ENJ.TITA THERMOSTAT PROGRAM.	38.00000000	empty.png	0	0.00000000	f	\N	\N	f
LG068543	ENJO.TITA SONDE THERMOSTAT	12.50000000	empty.png	0	0.00000000	f	\N	\N	f
LG068545	ENJ.TITA THERMOSTAT FIL PILOTE	18.00000000	empty.png	0	0.00000000	f	\N	\N	f
LG068547	ENJ.TITA INT.SELECT FPILOTE	18.00000000	empty.png	0	0.00000000	f	\N	\N	f
LG068553	ENJOLIVEUR TITANE  PRISE USB	12.50000000	empty.png	0	0.00000000	f	\N	\N	f
LG068554	ENJ.TITA SWITCH CUIV.6P RJ45	38.00000000	empty.png	0	0.00000000	f	\N	\N	f
LG068556	ENJO. DBLE CHARGEUR USB TITANE	12.50000000	empty.png	0	0.00000000	f	\N	\N	f
LG068587	ENJO TITA PRISE RESEAU CABLE	12.50000000	empty.png	0	0.00000000	f	\N	\N	f
LG068594	ENJO+DOIGT/ US CELIANE TITANE	12.50000000	empty.png	0	0.00000000	f	\N	\N	f
LG068595	ENJO. FIBRE OPT. SC/APC TITANE	12.50000000	empty.png	0	0.00000000	f	\N	\N	f
LG068596	ENJO+DOIGT/ IR CELIANE TITANE	12.50000000	empty.png	0	0.00000000	f	\N	\N	f
LG068597	ENJO. PRISE TV-SAT - TITANE	12.50000000	empty.png	0	0.00000000	f	\N	\N	f
LG068599	ENJO PIR CELIANE TITANE	12.50000000	empty.png	0	0.00000000	f	\N	\N	f
LG068711	PLAQUE 1P VIOLET IRISE	24.00000000	empty.png	0	0.00000000	f	\N	\N	f
LG068712	PLAQUE 2P VIOLET IRISE	47.50000000	empty.png	0	0.00000000	f	\N	\N	f
LG068713	PLAQUE 3P VIOLET IRISE	71.50000000	empty.png	0	0.00000000	f	\N	\N	f
LG068714	PLAQUE 4P VIOLET IRISE	95.00000000	empty.png	0	0.00000000	f	\N	\N	f
LG068718	PLAQUE 2P 57MM VIOLET IRISE	52.50000000	empty.png	0	0.00000000	f	\N	\N	f
LG068719	PLAQUE 3P 57MM VIOLET IRISE	78.50000000	empty.png	0	0.00000000	f	\N	\N	f
LG068772	PLAQUE 2P BLUE SNAKE	47.50000000	empty.png	0	0.00000000	f	\N	\N	f
LG068773	PLAQUE 3P BLUE SNAKE	71.50000000	empty.png	0	0.00000000	f	\N	\N	f
LG068774	PLAQUE 4P BLUE SNAKE	95.00000000	empty.png	0	0.00000000	f	\N	\N	f
LG068775	PLAQUE 2P ETENDUE BLUE SNAKE	71.50000000	empty.png	0	0.00000000	f	\N	\N	f
LG068776	PLAQUE 3P ETENDUE BLUE SNAKE	95.00000000	empty.png	0	0.00000000	f	\N	\N	f
LG068778	PLAQUE 2P 57MM BLUE SNAKE	52.50000000	empty.png	0	0.00000000	f	\N	\N	f
LG068779	PLAQUE 3P 57MM BLUE SNAKE	78.50000000	empty.png	0	0.00000000	f	\N	\N	f
LG068781	PLAQUE 1P  NUIT D'ENCRE	24.00000000	empty.png	0	0.00000000	f	\N	\N	f
LG068782	PLAQUE 2P  NUIT D'ENCRE	47.50000000	empty.png	0	0.00000000	f	\N	\N	f
LG068783	PLAQUE 3P  NUIT D'ENCRE	71.50000000	empty.png	0	0.00000000	f	\N	\N	f
LG068784	PLAQUE 4P  NUIT D'ENCRE	95.00000000	empty.png	0	0.00000000	f	\N	\N	f
LG068791	PLAQUE 1P  LAITON	24.00000000	empty.png	0	0.00000000	f	\N	\N	f
LG068792	PLAQUE 2P  LAITON	47.50000000	empty.png	0	0.00000000	f	\N	\N	f
LG068793	PLAQUE 3P  LAITON	71.50000000	empty.png	0	0.00000000	f	\N	\N	f
LG068794	PLAQUE 4P  LAITON	95.00000000	empty.png	0	0.00000000	f	\N	\N	f
LG068900	PLAQUE 1 MODULE  TITANE	36.00000000	empty.png	0	0.00000000	f	\N	\N	f
LG068901	PLAQUE 1P  TITANE	24.00000000	empty.png	0	0.00000000	f	\N	\N	f
LG068902	PLAQUE 2P  TITANE	47.50000000	empty.png	0	0.00000000	f	\N	\N	f
LG068903	PLAQUE 3P  TITANE	71.50000000	empty.png	0	0.00000000	f	\N	\N	f
LG068904	PLAQUE 4P  TITANE	95.00000000	empty.png	0	0.00000000	f	\N	\N	f
LG068905	PLAQUE  2P ETENDUE  TITANE	71.50000000	empty.png	0	0.00000000	f	\N	\N	f
LG068906	PLAQUE  3P ETENDUE  TITANE	95.00000000	empty.png	0	0.00000000	f	\N	\N	f
LG068907	PLAQUE GRAND FORMAT  TITANE	104.50000000	empty.png	0	0.00000000	f	\N	\N	f
LG068908	PLAQUE 2P 57MM  TITANE	52.50000000	empty.png	0	0.00000000	f	\N	\N	f
LG068909	PLAQUE 3P 57MM  TITANE	78.50000000	empty.png	0	0.00000000	f	\N	\N	f
LG068920	PLAQUE 2X3 POSTE ALUMINIUM	156.50000000	empty.png	0	0.00000000	f	\N	\N	f
LG068921	PLAQUE 1P  ALUMINIUM	24.00000000	empty.png	0	0.00000000	f	\N	\N	f
LG068922	PLAQUE 2P  ALUMINIUM	47.50000000	empty.png	0	0.00000000	f	\N	\N	f
LG068923	PLAQUE 3P  ALUMINIUM	71.50000000	empty.png	0	0.00000000	f	\N	\N	f
LG068924	PLAQUE 4P  ALUMINIUM	95.00000000	empty.png	0	0.00000000	f	\N	\N	f
LG068925	PLAQUE  2P ETENDUE  ALUMINIUM	71.50000000	empty.png	0	0.00000000	f	\N	\N	f
LG068926	PLAQUE  3P ETENDUE  ALUMINIUM	95.00000000	empty.png	0	0.00000000	f	\N	\N	f
LG068928	PLAQUE 2P 57MM  ALUMINIUM	52.50000000	empty.png	0	0.00000000	f	\N	\N	f
LG068929	PLAQUE 3P 57MM  ALUMINIUM	78.50000000	empty.png	0	0.00000000	f	\N	\N	f
LG068950	PLAQUE 2X2P CARBONE	104.50000000	empty.png	0	0.00000000	f	\N	\N	f
LG068963	PLAQUE 2X2 POSTE ALUMINIUM	104.50000000	empty.png	0	0.00000000	f	\N	\N	f
LG068964	PLAQUE 2X2 POSTE TUNGSTENE	104.50000000	empty.png	0	0.00000000	f	\N	\N	f
LG068968	PLAQUE 2X2  TITANE	104.50000000	empty.png	0	0.00000000	f	\N	\N	f
LG068969	PLAQUE 2X3  TITANE	156.50000000	empty.png	0	0.00000000	f	\N	\N	f
LG068970	PLAQUE 2X3 POSTE TUNGSTENE	156.50000000	empty.png	0	0.00000000	f	\N	\N	f
LG068971	PLAQUE 1P TUNGSTENE	24.00000000	empty.png	0	0.00000000	f	\N	\N	f
LG068972	PLAQUE 2P TUNGSTENE	47.50000000	empty.png	0	0.00000000	f	\N	\N	f
LG068974	PLAQUE 4P TUNGSTENE	95.00000000	empty.png	0	0.00000000	f	\N	\N	f
LG068975	PLAQUE 2P ETEND TUNGSTENE	71.50000000	empty.png	0	0.00000000	f	\N	\N	f
LG068976	PLAQUE 3P ETEND TUNGSTENE	95.00000000	empty.png	0	0.00000000	f	\N	\N	f
LG068978	PLAQUE 2P 57MM TUNGSTENE	52.50000000	empty.png	0	0.00000000	f	\N	\N	f
LG068979	PLAQUE 3P 57MM TUNGSTENE	78.50000000	empty.png	0	0.00000000	f	\N	\N	f
LG068981	PLAQUE 1P CARBONE	24.00000000	empty.png	0	0.00000000	f	\N	\N	f
LG068982	PLAQUE 2P CARBONE	47.50000000	empty.png	0	0.00000000	f	\N	\N	f
LG068983	PLAQUE 3P CARBONE	71.50000000	empty.png	0	0.00000000	f	\N	\N	f
LG068984	PLAQUE 4P CARBONE	95.00000000	empty.png	0	0.00000000	f	\N	\N	f
LG068985	PLAQUE 2P ETEND CARBONE	71.50000000	empty.png	0	0.00000000	f	\N	\N	f
LG068986	PLAQUE 3P ETEND CARBONE	95.00000000	empty.png	0	0.00000000	f	\N	\N	f
LG068988	PLAQUE 2P 57MM CARBONE	52.50000000	empty.png	0	0.00000000	f	\N	\N	f
LG068989	PLAQUE 3P 57MM CARBONE	78.50000000	empty.png	0	0.00000000	f	\N	\N	f
LG068990	PLAQUE 2X3P CARBONE	156.50000000	empty.png	0	0.00000000	f	\N	\N	f
LG068991	PLAQUE 1P COPPER	24.00000000	empty.png	0	0.00000000	f	\N	\N	f
LG068992	PLAQUE 2P COPPER	47.50000000	empty.png	0	0.00000000	f	\N	\N	f
LG068993	PLAQUE 3P COPPER	71.50000000	empty.png	0	0.00000000	f	\N	\N	f
LG068994	PLAQUE 4P COPPER	95.00000000	empty.png	0	0.00000000	f	\N	\N	f
LG068998	PLAQUE 2P 57MM COPPER	52.50000000	empty.png	0	0.00000000	f	\N	\N	f
LG067706	VA ET VIENT 10AX	27.00000000	empty.png	0	0.00000000	f	\N	\N	f
LG067707	DOUBLE VA ET VIENT 10 AX	50.50000000	empty.png	0	0.00000000	f	\N	\N	f
LG067708	VA ET VIENT 10AX VOYANT	66.00000000	empty.png	0	0.00000000	f	\N	\N	f
LG067709	VA ET VIENT + POUSSOIR	61.00000000	empty.png	0	0.00000000	f	\N	\N	f
LG067710	VV + VV TEMOIN COMPLET TITANE	83.00000000	empty.png	0	0.00000000	f	\N	\N	f
LG067712	PRISE 2P+T F/B BORNE AUTO	23.00000000	empty.png	0	0.00000000	f	\N	\N	f
LG067714	PRISE 2P+T STD COMPLET TITANE	23.00000000	empty.png	0	0.00000000	f	\N	\N	f
LG067716	CHARG 2USB A+A 2.4A 12W TIT C.	93.00000000	empty.png	0	0.00000000	f	\N	\N	f
LG069522	ECODETECTEUR 3FILS COMPO GRIS	117.50000000	empty.png	0	0.00000000	f	\N	\N	f
LG069599	EMBOUT GRIS "2 SORTIES"	5.50000000	empty.png	0	0.00000000	f	\N	\N	f
LG069598	JEU DE 4 BOUCHONS GRIS	3.50000000	empty.png	0	0.00000000	f	\N	\N	f
LG067728	POUSSOIR PE COMPLET TITANE	71.00000000	empty.png	0	0.00000000	f	\N	\N	f
LG067730	POUSSOIR VMC TITANE	42.50000000	empty.png	0	0.00000000	f	\N	\N	f
LG067732	POUSSOIR INVERSEUR 6A	38.00000000	empty.png	0	0.00000000	f	\N	\N	f
LG067734	POUSSOIR INVERSEUR 6A VOYANT	76.50000000	empty.png	0	0.00000000	f	\N	\N	f
LG067735	PRISE TELEPHONE RJ45	54.50000000	empty.png	0	0.00000000	f	\N	\N	f
LG067736	PRISE TELEPHONE 8 CONTACTS	47.50000000	empty.png	0	0.00000000	f	\N	\N	f
LG067753	INTERRUPTEUR VR / STORES	93.50000000	empty.png	0	0.00000000	f	\N	\N	f
LG6000020	INTER DOUBLE V/V DOOXIE AVEC PLAQUE SIMPLE	12.50000000	LG6000020.jpg	566575	-1878.00000000	f	FAR00002	SFAR00002	f
FLEXSHATTAFF	SHATTAF FIT FLEXITUB BLANC	10.00000000	FLEXSHATTAFF.jpg	569279	-463.00000000	f	FAR00003	SFAR00010	f
LG067754	POUSSOIR VR / STORES	129.00000000	empty.png	0	0.00000000	f	\N	\N	f
CDMNHO7RNFSOUOLE3G1	CÂBLE SOUPLE 3G1.5 AU MÈTRE (HO7RNF)	2.50000000	CDMNHO7RNFSOUOLE3G1.jpg	638501	-1433.00000000	f	FAR00002	SFAR00034	t
CENI193001	DILUANT 909	5.00000000	CENI193001.jpg	652511	842.00000000	f	FAR00008	SFAR00028	t
CDFIL10MM2BLEU	FIL 10MM2 BLEU AU METRE	3.00000000	CDFIL10MM2BLEU.jpg	637963	-2123.00000000	f	FAR00002	SFAR00034	t
SCHR9H13403	Resi9 COFFRET SAILLIE BLANC 3X13 SANS PORTE SCHNEIDER	60.00000000	SCHR9H13403.jpg	639548	60.00000000	f	FAR00002	SFAR00030	t
CDCABLEPTTMETRE	CABLE PTT (TELEPHONE) AU METRE	1.00000000	empty.png	0	-9196.00000000	f	FAR00002	SFAR00034	f
NEGOS11131250S	RETUBE Ø12 50M BLEU	65.00000000	NEGOS11131250S.jpg	637838	206.00000000	f	FAR00003	SFAR00024	t
FITT308095	KIT 5Pcs PIST RACC UNIV 13 à 19MM	20.00000000	empty.png	0	0.00000000	f	FAR00007	SFAR00021	t
CENI190001	DILUANT 412	5.50000000	CENI190001.jpg	652514	1916.00000000	f	FAR00008	SFAR00028	t
TECEPACUMI	PACK WC BLANC MITO GREY (SANS ROBINET SANS PIPE)	138.00000000	TECEPACUMI.jpg	638695	25.00000000	f	FAR00009	SFAR00015	t
SHR9H134010	COFFERT 1X13M AVEC PORTE SCHNEIDER	45.00000000	SHR9H134010.jpg	638413	-60.00000000	f	FAR00002	SFAR00030	f
LG001908	COFFRET PLEXO3 ÉTANCHE IP65 8 MODULES	75.00000000	LG001908.jpg	639050	28.00000000	f	FAR00002	SFAR00030	t
S2PCPEINTECLATGRISFO	PEINT ECLAT GRIS FONCE 3KG	35.00000000	S2PCPEINTECLATGRISFO.jpg	569215	30.00000000	f	FAR00004	SFAR00006	t
S2PCPEINTECLATBLEUPA	PEINT ECLAT BLEU PACIFIQUE 1KG	15.00000000	S2PCPEINTECLATBLEUPA.jpg	569211	7.00000000	f	FAR00004	SFAR00005	t
CDSN10	FIL SOUPLE 10° NOIR AU METRE	3.00000000	CDSN10.jpg	638502	-1253.00000000	f	FAR00002	SFAR00034	t
CENIDC430	DILUANT 430	8.00000000	CENIDC430.jpg	652512	3434.00000000	f	FAR00008	SFAR00028	t
CDCABLE2X16METRE	CABLE 2X16 AU METRE	8.50000000	CDCABLE2X16METRE.jpg	637678	-30515.00000000	f	FAR00002	SFAR00034	t
LG069540	POUS. NO GRIS COMPO.	22.50000000	empty.png	0	-150.00000000	f	\N	\N	t
LG069543	POUS. NO LUMIN. PORTE-ETI. CO.	54.00000000	empty.png	0	-150.00000000	f	\N	\N	t
LG069551	2P+T F/B GRIS COMPO.	21.00000000	empty.png	0	-5.00000000	f	\N	\N	t
LG069562	2P+T F/B PRECAB. 2PH G. COMPO.	20.00000000	empty.png	0	-4.00000000	f	\N	\N	t
PROCLEFZWY500-94	CADENAS BLINDE 94MM 5 CLES	35.00000000	empty.png	0	880.00000000	f	FAR00005	SFAR00032	t
CELF5-40R	 Ventilateur sur pied 40cm avec telecommande	35.00000000	empty.png	0	-10.00000000	f	FAR00007	SFAR00018	t
CENI001277OWANDO	VENTILATEUR DE PLAFOND 4 PALES MODERNE OWANDO 106CM NOIR ET CHROME	125.00000000	CENI001277OWANDO.jpg	638677	100.00000000	f	FAR00007	SFAR00018	t
LG68034	LOGIX 45 FOND 130X50 ARTIC NEW	55.00000000	empty.png	0	297.00000000	f	FAR00002	SFAR00003	t
FANSAONA52YFT	BRASSEUR D'AIR FANELITE 3 PALES LED 20W  6000K° SAONA	350.00000000	FANSAONA52YFT.jpg	638675	35.00000000	f	FAR00007	SFAR00018	t
EDA019761	GLACIERE 24 LITRES TURQUOISE / VERT ANIS CAR X 2	27.50000000	EDA019761.jpg	638036	-38.00000000	f	FAR00007	SFAR00023	t
LG069870	2P+T F/B BLANC ENCASTRE	24.00000000	empty.png	0	85.00000000	f	\N	\N	t
CEFW-1601 II	 Ventilateur mural 40cm avec telecommande	55.00000000	empty.png	0	-552.00000000	f	FAR00007	SFAR00018	t
LG069681	PLAQUE + SUPPORT 1P GRIS	6.00000000	empty.png	0	-306.00000000	f	\N	\N	t
PROCLEFZWY500-74	CADENAS BLINDE 74MM 5 CLES	30.00000000	empty.png	0	902.00000000	f	FAR00005	SFAR00032	t
EDA019592	SEAU 13 LITRES VERT CANADA SAC X 10	7.50000000	EDA019592.jpg	638032	49.00000000	f	FAR00007	SFAR00022	t
FANSOUALIGA56YFT	BRASSEUR D'AIR SOUALIGA 5 PALES 142CM IP44	325.00000000	FANSOUALIGA56YFT.jpg	638676	72.00000000	f	FAR00007	SFAR00018	t
LG069731	2P+T F/B GRIS SAILLIE	13.00000000	empty.png	0	-7787.00000000	f	\N	\N	t
LG069715	DOUBLE VA-ET-VIENT GRIS SAILLIE	18.00000000	empty.png	0	-35.00000000	f	\N	\N	t
TERMACCWS1000440936K	LAVABO + COLONNE PRESIDENT NF 60CM BLANC 60B1OTW	110.00000000	TERMACCWS1000440936K.jpg	638711	-10.00000000	f	FAR00009	SFAR00014	t
LG069821	POUS. NO+NF LUMIN. G. ENCASTRE	24.00000000	empty.png	0	-159.00000000	f	\N	\N	t
LG069722	POUS. NO LUMINEUX GRIS SAILLIE	16.00000000	empty.png	0	-48.00000000	f	\N	\N	t
LG069683	PLAQUE + SUPPORT 2PH GRIS	22.00000000	empty.png	0	0.00000000	f	\N	\N	f
LG069824	POUS. NO+NF LUM. PRTE-ETI. EN.	30.00000000	empty.png	0	78.00000000	f	\N	\N	t
CENI123132	BOITE AUX LETTRES KUBE DOUBLE FACE VERT	45.00000000	CENI123132.jpg	637861	0.00000000	f	FAR00007	SFAR00020	f
LG069849	SORTIE CABLES 20A BORN. G.ENC.	90.00000000	empty.png	0	0.00000000	f	\N	\N	f
LG069779	SORTIE DE CABLES BLANC SAILLIE	50.50000000	empty.png	0	0.00000000	f	\N	\N	f
LG069581	ADAPT. MOSAIC EFE COMPOSABLE	138.50000000	empty.png	0	0.00000000	f	\N	\N	f
LG069888	SORTIE CABLES 16A BLANC ENCA.	65.50000000	empty.png	0	0.00000000	f	\N	\N	f
LG069582	ADAPT. MOSAIC SS VOLET COMPOS.	25.00000000	empty.png	0	0.00000000	f	\N	\N	f
LG069583	VOYANT BALIS. ET SIGNA. COMPO.	52.50000000	empty.png	0	0.00000000	f	\N	\N	f
LG067783	PRISE TV SIMPLE	36.50000000	empty.png	0	0.00000000	f	\N	\N	f
LG067789	PRISE TV / R / SAT	89.50000000	empty.png	0	0.00000000	f	\N	\N	f
CENI43750423	BRASSEUR DAIR HUNTER LOKI BLANC	250.00000000	CENI43750423.jpg	573605	237.00000000	f	FAR00007	SFAR00018	t
EDA019555	Jerrican 20 litres ALIMENTAIRE Bouchon Verseur	17.50000000	EDA019555.jpg	638022	8.00000000	f	FAR00007	SFAR00022	t
LG069745	SORTIE DE CABLES GRIS SAILLIE	26.00000000	empty.png	0	437.00000000	f	\N	\N	t
CENI123133	BOITE AUX LETTRES KUBE DOUBLE FACE BEIGE	45.00000000	CENI123133.jpg	637862	0.00000000	f	FAR00007	SFAR00020	f
EDA019583	ARROSOIRS 6 LITRES PARISIEN VERT METAL	7.00000000	EDA019583.jpg	638020	-43.00000000	f	FAR00007	SFAR00023	t
LG069720	POUS. NO GRIS SAILLIE	10.00000000	empty.png	0	-4.00000000	f	\N	\N	t
LG069749	PIQUET JARD. 2X2P+T SAILLIE	145.00000000	empty.png	0	-4.00000000	f	\N	\N	t
LG069588	DIFFUS. BALIS. INCOLORE COMPO.	13.00000000	empty.png	0	0.00000000	f	\N	\N	f
LG067794	ECO DETECT. SS DEROG CPLT TIT	114.00000000	empty.png	0	0.00000000	f	\N	\N	f
LG067796	OBTURATEUR	17.00000000	empty.png	0	0.00000000	f	\N	\N	f
LG067697	MICROMODULE CONNECTE VR	161.50000000	empty.png	0	0.00000000	f	\N	\N	f
LG069589	DIFFUS. BALIS. VERT COMPO.	13.50000000	empty.png	0	0.00000000	f	\N	\N	f
LG069590	DIFFUS. BALIS. ORANGE COMPO.	13.50000000	empty.png	0	0.00000000	f	\N	\N	f
LG069591	DIFFUS. BALIS. ROUGE COMPO.	13.00000000	empty.png	0	0.00000000	f	\N	\N	f
EDA019762	GLACIERE 35 LITRES TURQUOISE/VERT ANIS CAR X 2	35.00000000	EDA019762.jpg	638038	-41.00000000	f	FAR00007	SFAR00023	t
EDA010161	JERRICAN 10 LITRES NATUREL BV VERT SAC X 10	12.50000000	empty.png	0	-18.00000000	f	FAR00007	SFAR00022	f
LG069592	DETECTEUR GAZ GRIS COMPO.	816.50000000	empty.png	0	0.00000000	f	\N	\N	f
LG080006	BATIBOX CHANTIER - 300 CL.SECH	1005.00000000	empty.png	0	0.00000000	f	\N	\N	f
LG069757	INTER CLE BARILLET EUROPEEN 1P	65.00000000	empty.png	0	-1.00000000	f	\N	\N	t
LG069795	BARILLET EUROPEEN	40.00000000	empty.png	0	-1.00000000	f	\N	\N	t
LG069850	SORTIE DE CABLE 20/32A	77.00000000	empty.png	0	-2.00000000	f	\N	\N	t
LG069851	VA-ET-VIENT BLANC ENCASTRE	44.50000000	empty.png	0	19.00000000	f	\N	\N	t
LG069864	POUS. NO+NF LUM. PRTE-ETI. EN.	72.50000000	empty.png	0	-40.00000000	f	\N	\N	t
LG080016	BATIBOX OBTURAT ENERGY D16MM	1.50000000	empty.png	0	-20.00000000	f	\N	\N	t
EDA019559	ARROSOIRS 14 LITRES  PARISIEN VERT METAL	11.00000000	EDA019559.jpg	638019	-110.00000000	f	FAR00007	SFAR00023	t
LG080253	SUPPORT BATIBOX 3 POSTES/6-8M	10.00000000	empty.png	0	-620.00000000	f	\N	\N	t
LG080197	VIS LONGUES BATIBOX L.40MM BOITE DE 20	12.00000000	empty.png	0	5141.00000000	f	\N	\N	t
LG080123	BATIBOX MULTI-MAT 3P PROF 50MM	10.00000000	empty.png	0	-811.00000000	f	\N	\N	t
LG080061	BATIBOX CL.SECH 1POSTE P.60MM	3.00000000	empty.png	0	-366.00000000	f	\N	\N	t
CDS16V/J	FIL SOUPLE 16 VERT/JAUNE AU METRE	5.00000000	empty.png	638544	950.00000000	f	FAR00002	SFAR00034	t
CDCABLE5G2.5METRE	CABLE 5G2.5 AU METRE	3.95000000	CDCABLE5G2.5METRE.jpg	637711	-3023.00000000	f	FAR00002	SFAR00034	t
ACLP6004	HUBLOT LUTECE LED IP66 + DETECTEUR IK10	75.00000000	ACLP6004.jpg	639979	448.00000000	f	FAR00010	SFAR00017	t
LG080151	BATIBOX MACONN.1POSTE P.50MM	2.50000000	empty.png	0	-8352.50000000	f	\N	\N	t
NG32083324	TPC CALI VERT Ø40/50M	45.00000000	NG32083324.jpg	638329	32.00000000	f	FAR00002	SFAR00029	t
LG080251	SUPPORT BATIBOX 1 POSTE 2M	3.60000000	empty.png	0	-3764.15000000	f	\N	\N	t
SKU7823	80W PROJECTEUR SOLAIRE LED + TELECOMMANDE	70.00000000	SKU7823.jpg	638351	104.00000000	f	FAR00002	SFAR00004	t
LG080122	BATIBOX MULTI-MAT 2P PROF 50MM	5.50000000	empty.png	0	-2871.00000000	f	\N	\N	t
LG4012110	COFFRET 1X13M AVEC PORTE LEGRAND	64.00000000	LG4012110.jpg	638412	-441.00000000	f	FAR00002	SFAR00030	t
CE658S	 Verrou PROFESSIONNEL double canon mm avec 5 cles infalsifiables	20.00000000	empty.png	0	246.00000000	f	FAR00005	SFAR00031	t
CDFIL16MMBLEU	FIL 16MM° BLEU AU METRE	5.00000000	CDFIL16MMBLEU.jpg	637964	-743.00000000	f	FAR00002	SFAR00034	t
SKU7825	120W PROJECTEUR SOLAIRE LED + TELECOMMANDE	85.00000000	SKU7825.jpg	638352	98.00000000	f	FAR00002	SFAR00004	t
LG080121	BATIBOX MULTI-MAT 1POSTE P50MM	3.00000000	empty.png	0	-8703.00000000	f	\N	\N	t
CDCABLEPI0017A999MH	CR1-C1 1P0,9 CABLE ALARME AU METRE	2.00000000	empty.png	0	-60.00000000	f	FAR00002	SFAR00034	f
LG080126	BATIBOX MULTI-MAT 2X6/8MODULES	19.00000000	empty.png	0	-59.00000000	f	\N	\N	t
CDFIL2.5BLEU	FIL 2.5 BLEU 100M	56.50000000	CDFIL2.5BLEU.jpg	637937	-5198.00000000	f	FAR00002	SFAR00034	t
SKU441	PROJECTEUR LED 20W	30.00000000	SKU441.jpg	569520	-27.00000000	f	FAR00010	\N	t
NG10041924	ICTA GAINE TAG 25 - 50M	45.00000000	NG10041924.jpg	638000	-3.00000000	f	FAR00002	SFAR00029	t
LG080107	COLLE BATIBOX MULTI-MATERIAUX	30.50000000	empty.png	0	0.00000000	f	\N	\N	f
LG080124	BATIBOX MULTI-MAT 2X4/5MODULES	17.50000000	empty.png	0	109.00000000	f	\N	\N	t
NG10041920	ICTA GAINE ICTA 25 25M	30.00000000	NG10041920.jpg	638002	-20.00000000	f	FAR00002	SFAR00029	t
LG080252	SUPPORT BATIBOX 2 POSTES/4-5M	6.00000000	empty.png	0	-898.00000000	f	\N	\N	t
LG080109	BATIBOX MAC.ROND S/VIS 40/30MM	3.00000000	empty.png	0	-14.00000000	f	\N	\N	t
S2PCPEINTECLATNOIR	PEINT ECLAT NOIR GLYCERO 3 KG	35.00000000	S2PCPEINTECLATNOIR.jpg	569248	0.00000000	f	FAR00004	SFAR00006	t
PW11590	KEVA M 50X20 (CT DE 15)	11.50000000	PW11590.jpg	638608	223.00000000	f	FAR00002	SFAR00003	t
CHAZ14CM5	COUTEAUX 14cm HONORÉ (12 Pièces)	55.00000000	empty.png	0	1152.00000000	f	FAR00007	SFAR00033	t
LG069593	DETECTEUR INONDA. GRIS COMPO.	616.50000000	empty.png	0	0.00000000	f	\N	\N	f
LG080105	KIT BATIBOX P/MOULURES CELIANE	4.00000000	empty.png	0	0.00000000	f	\N	\N	f
LG080071	FIXATIONS CENTR.BATIBOX P.40MM	3.50000000	empty.png	0	0.00000000	f	\N	\N	f
ARMOULD07120	IRL TUBIRO DE 20 EN 3M (17P)	3.00000000	ARMOULD07120.jpg	637805	-1772.00000000	f	FAR00002	SFAR00027	t
LG080128	BATIBOX MULTI-MAT.2X10 MODULES	44.50000000	empty.png	0	-6.00000000	f	\N	\N	t
LG4012130	COFFRET 3X13M AVEC PORTE LEGRAND	124.00000000	LG4012130.jpg	638420	-334.00000000	f	FAR00002	SFAR00030	f
NEGO31065512	TPC 110 ROUGE - Barre de 6 Mètres	24.00000000	NEGO31065512.jpg	638342	35.00000000	f	FAR00002	SFAR00029	t
LG080072	FIXATIONS CENTR.BATIBOX P.50MM	3.50000000	empty.png	0	0.00000000	f	\N	\N	f
LG080196	COUVERCLE BATIBOX BOITE 2X6/8M	36.50000000	empty.png	0	-7.00000000	f	\N	\N	t
LG069594	DETECTEUR TEMPE. GRIS COMPO.	740.50000000	empty.png	0	0.00000000	f	\N	\N	f
LG069596	EMBOUT GRIS	3.00000000	empty.png	0	0.00000000	f	\N	\N	f
LG080101	BATIBOX MULTI-MAT 1POSTE P40MM	4.50000000	empty.png	0	-61.00000000	f	\N	\N	t
LG080102	BATIBOX MULTI-MAT 2POSTE P40MM	16.50000000	empty.png	0	-15.00000000	f	\N	\N	t
LG080103	BATIBOX MULTIMAT 3POSTES P40MM	20.00000000	empty.png	0	-1.00000000	f	\N	\N	t
LG086042	PRISE TV/FM SAT 2150MHZ SAILLI	30.00000000	empty.png	0	-1169.00000000	f	\N	\N	t
SKU7821	40W PROJECTEUR SOLAIRE LED + TELECOMMANDE	60.00000000	SKU7821.jpg	638350	106.00000000	f	FAR00002	SFAR00004	t
NG34033920	TPC NOIR Ø50/25M	35.00000000	NG34033920.jpg	638337	145.00000000	f	FAR00002	SFAR00029	t
BENECIS103924	PACK WC SPECIAL P.M.R. AVEIRO CONFORT NF (PALETTE DE 16)	198.00000000	BENECIS103924.jpg	638708	-49.00000000	f	FAR00009	SFAR00015	t
LG086005	POUSSOIR LUMINEUX TEMOIN SAILL	15.00000000	empty.png	0	-32.00000000	f	\N	\N	t
LG086010	DLE POUSS.VOLET ROULANT SAILLI	42.00000000	empty.png	0	-210.00000000	f	\N	\N	t
LG069604	INTER TEMPO. A VOY. COMPO.	216.00000000	empty.png	0	0.00000000	f	\N	\N	f
LG081941	BATIBOX BETON UNIVERSEL P.58MM	3.50000000	empty.png	0	-5678.00000000	f	\N	\N	t
CDFIL1.5NOIR	ROULEAU FIL 1.5 NOIR 100M	35.00000000	CDFIL1.5NOIR.jpg	637936	-643.50000000	f	FAR00002	SFAR00034	t
LG084900	2 GRIFFES  STANDARD	1.50000000	empty.png	0	-345.00000000	f	\N	\N	t
HAGATA122009016	MOULURE ATA 12x20 2.1ml BLANC CARTON DE 42 MOULURES	3.50000000	HAGATA122009016.jpg	638613	7170.00000000	f	FAR00002	SFAR00003	t
LG086057	BOITE DERIVAT.4 BORNES SAILLIE	10.50000000	empty.png	0	-3819.00000000	f	\N	\N	t
LG086017	VA/VIENT TEMOIN LUMINEUX SAILL	15.00000000	empty.png	0	-10.00000000	f	\N	\N	t
LG080266	SUPPORT BATIBOX 2X6/8 MODULES	18.00000000	empty.png	0	-122.00000000	f	\N	\N	t
LG086038	PRISE TÉLÉPHONE OTEO	17.50000000	empty.png	0	-555.00000000	f	\N	\N	t
LG081985	BATIBOX BETON POUR PRISES 32A	14.50000000	empty.png	0	0.00000000	f	\N	\N	f
CDFIL16MM2VERTJAUNEM	FIL 16MM2 RIGIDE VERT JAUNE AU METRE	5.00000000	CDFIL16MM2VERTJAUNEM.jpg	638543	-14620.00000000	f	FAR00002	SFAR00034	t
LG081972	COUVERCL POSE OBTURAT.BATIBOX	1.50000000	empty.png	0	-1296.00000000	f	\N	\N	t
LG081971	COUVERCL POSE/DISTANC.BATIBOX	2.00000000	empty.png	0	260.00000000	f	\N	\N	t
LG080254	SUPPORT BATIBOX 4 POSTES/10M	15.00000000	empty.png	0	-236.00000000	f	\N	\N	t
HAGGD313A	COFFRET GAMMA+13/ 3x13M SANS PORTE HAGER	64.00000000	HAGGD313A.jpg	638422	222.00000000	f	FAR00002	SFAR00030	t
LG086006	POUSSOIR 6A SAILLIE	10.00000000	empty.png	0	-618.00000000	f	\N	\N	t
PW16480	VIADIS 90X60 BA (CT DE 8)	55.00000000	PW16480.jpg	638611	355.00000000	f	FAR00002	SFAR00003	t
S2PCPEINTECLATROUGEB	PEINT ECLATROUGE BASQUE 3 KG	35.00000000	S2PCPEINTECLATROUGEB.jpg	569245	12.00000000	f	FAR00004	SFAR00006	t
CENIDC416	DILUANT 416	4.50000000	CENIDC416.jpg	652510	-3.00000000	f	FAR00008	SFAR00028	t
PRY20032296	CABLE 3x240+95mm² (H1XDV-AS) AU METRE	45.00000000	empty.png	0	1500.00000000	f	FAR00002	SFAR00034	f
PROCLEFP43-55	 Cadenas laiton 55mm	15.00000000	empty.png	0	-71.00000000	f	FAR00005	SFAR00032	t
LG086076	DOUBLE PRISE 2P+T SAILLIE	30.00000000	empty.png	0	-224.00000000	f	\N	\N	t
LG081942	BATIBOX BETON 2POSTES P.58MM	14.00000000	empty.png	0	-20.00000000	f	\N	\N	t
LG086068	INT.VARIAT.S.COMPL.230V 300W	45.00000000	empty.png	0	38.00000000	f	\N	\N	t
LG086045	PRISE TV/FM 860MHZ SAILLIE	100.50000000	empty.png	0	-6.00000000	f	\N	\N	t
LG080264	SUPPORT BATIBOX 2X4/5 MODULES	16.00000000	empty.png	0	7.00000000	f	\N	\N	t
NG30063920	TPC ROUGE Ø50/25	35.00000000	NG30063920.jpg	638333	-2.00000000	f	FAR00002	SFAR00029	t
LG081970	AIMANT 600N POUR BATIBOX BETON	146.00000000	empty.png	0	-20.00000000	f	\N	\N	t
LG081990	AIMANT 1200N P/BATIBOX BETON	240.50000000	empty.png	0	-20.00000000	f	\N	\N	t
LG081997	EXTRACTEUR D'AIMANTS BATIBOXN	125.00000000	empty.png	0	-4.00000000	f	\N	\N	t
LG069611	VV BLANC COMPOSABLE	19.00000000	empty.png	0	0.00000000	f	\N	\N	f
LG069612	VV TEMOIN BLANC COMPO.	51.50000000	empty.png	0	0.00000000	f	\N	\N	f
LG086013	DBLE VA/VIENT VOLET ROUL.SAILL	40.00000000	empty.png	0	-13.00000000	f	\N	\N	t
LG086022	PRISE 2P (F) 16A SAILLIE	20.00000000	empty.png	0	-21.00000000	f	\N	\N	t
LG086040	PRISE TV SAILLIE	35.50000000	empty.png	0	-1.00000000	f	\N	\N	t
SKU402-6400	PROJECTEUR LED 30W	45.00000000	SKU402-6400.jpg	569533	-40.00000000	f	FAR00002	SFAR00004	t
LG089337	PT CENTRE DCL BATIBOX CL.SECH.	10.00000000	empty.png	0	-1654.00000000	f	\N	\N	t
PW11520	KEVA MOULURE 32X12 1 COMPARTIMENT	5.00000000	PW11520.jpg	638567	572.00000000	f	FAR00002	SFAR00003	t
LG069613	VV LUMIN. BLANC COMPO.	48.50000000	empty.png	0	0.00000000	f	\N	\N	f
LG089375	BTE CLOIS.SEC.DERIV.170X230X50	24.00000000	empty.png	0	38.00000000	f	\N	\N	t
ACELS25M	ENROULEUR 25M  + 4 PRISES IP20 - H05VV-F 3GX1.5mm	70.00000000	ACELS25M.jpg	637922	182.00000000	f	FAR00002	SFAR00019	t
LG089374	BTE CLOIS.SEC.DERIV.170X170X50	22.00000000	empty.png	0	-189.00000000	f	\N	\N	t
S2PCPEINTECLATTONBRI	PEINT ECLAT TON BRIQUE 1 KG	15.00000000	S2PCPEINTECLATTONBRI.jpg	569239	132.00000000	f	FAR00004	SFAR00005	t
LG089274	BOITE MACON.DERIV.165X170X40	17.50000000	empty.png	0	-15.00000000	f	\N	\N	t
LG030027	MOULURE 40X20 BLANC SANS CLOISON	12.00000000	LG030027.jpg	638610	-453.00000000	f	FAR00002	SFAR00003	t
DECO140.09B	STANDARD LED 9W 220V E27 60mm BLEU	10.00000000	DECO140.09B.jpg	638712	83.00000000	f	FAR00010	SFAR00013	t
DECO140.09J	STANDARD LED 9W 220V E27 60mm JAUNE	10.00000000	DECO140.09J.jpg	638713	92.00000000	f	FAR00010	SFAR00013	t
DECO140.09R	STANDARD LED 9W 220V E27 60mm ROUGE	10.00000000	DECO140.09R.jpg	638714	94.00000000	f	FAR00010	SFAR00013	t
SKU20348	REGLETTE 60cm 20W 4000K PRISMATIC	20.00000000	empty.png	0	-268.00000000	f	FAR00010	\N	f
LG089358	BTE CL.SECHE D.85 1P PROF.50	12.00000000	empty.png	0	-59.00000000	f	\N	\N	t
LG089568	COUVERCL.POSE ETANCHE BATIBOX	2.50000000	empty.png	0	-200.00000000	f	\N	\N	t
LG16480	VIADIS 90X60 BA	46.00000000	LG16480.jpg	638612	682.00000000	f	FAR00002	SFAR00003	t
SKU20351	RÉGLETTE PRISMATIC VTAC 40W LED 120cm Plastic 4000K 120 lm SKU 20351	30.00000000	empty.png	0	-1299.00000000	f	FAR00010	\N	f
CDCABLETVMETRE	CABLE TV AU METRE	0.80000000	CDCABLETVMETRE.jpg	637744	-21044.00000000	f	FAR00002	SFAR00034	t
CDFIL1.5VIOLET	ROULEAU FIL 1.5 VIOLET 100M	35.00000000	CDFIL1.5VIOLET.jpg	637934	-1656.50000000	f	FAR00002	SFAR00034	t
LG4012120	COFFRET 2X13M AVEC PORTE LEGRAND	84.00000000	LG4012120.jpg	638415	-800.00000000	f	FAR00002	SFAR00030	f
DECO140.09V	STANDARD LED 9W 220V E27 60mm VERT	10.00000000	DECO140.09V.jpg	638724	88.00000000	f	FAR00010	SFAR00013	t
FITTIDRO50M	Tuyau d'arrosage Idro Yellow Fitt Ø 5/8 - 50M	62.50000000	FITTIDRO50M.jpg	638315	13.00000000	f	FAR00007	SFAR00021	t
CDCABLE2X10METRE	CABLE 2X10 AU METRE	5.50000000	CDCABLE2X10METRE.jpg	637677	-32210.00000000	f	FAR00002	SFAR00034	t
SKU6494	RÉGLETTE PRISMATIC VTAC 38W LED 150cm Plastic 4000K 160 lm SKU: 6494 | VT: VT-83	50.00000000	empty.png	0	-162.00000000	f	FAR00010	\N	f
CDSM10	FIL SOUPLE10°  MARRON AU METRE	3.00000000	CDSM10.jpg	638546	-1094.00000000	f	FAR00002	SFAR00034	t
CDCABLE2X35ALUMINIUM	CABLE 2X35 ALUMINIUM AU METRE	6.00000000	CDCABLE2X35ALUMINIUM.jpg	638531	-500.00000000	f	FAR00002	SFAR00034	t
LG089275	BOITE MACON.DEIV.165X230X50	20.00000000	empty.png	0	-4.00000000	f	\N	\N	t
CDSN16	FIL SOUPLE 16° NOIR AU METRE	5.00000000	CDSN16.jpg	638547	-344.00000000	f	FAR00002	SFAR00034	t
LG089372	BTE CLOIS.SEC.DERIV.115X115X40	15.00000000	empty.png	0	-10.00000000	f	\N	\N	t
LG089553	PETITE PIEUVRE/CENTRE BATIBOX	5.50000000	empty.png	0	-2595.00000000	f	\N	\N	t
ACELS40M	ENROULEUR 40M  + 4 PRISES IP20 - H05VV-F 3GX1.5mm	105.00000000	ACELS40M.jpg	637923	88.00000000	f	FAR00002	SFAR00019	t
CDS16R	FIL SOUPLE 16 ROUGE AU METRE	5.00000000	CDS16R.jpg	638504	-859.00000000	f	FAR00002	SFAR00034	t
LG089237	PT DE CENTRE DCL BATIBOX MACON	10.00000000	empty.png	0	-2.00000000	f	\N	\N	t
LG089268	TREPAN POUR MATERIAUX DURS	275.00000000	empty.png	0	-2.00000000	f	\N	\N	t
LG089273	BOITE MACON.DERIV.165X110X40	13.50000000	empty.png	0	-6.00000000	f	\N	\N	t
LG089304	BTE BATIBOX DCL APPLIQ CLS P40	18.50000000	empty.png	0	-250.00000000	f	\N	\N	t
LG089334	KIT PT CENTRE DCL CLOIS.SECHES	31.00000000	empty.png	0	-120.00000000	f	\N	\N	t
LG089381	BTE CLOIS.SEC.COMBL.190X19OX80	84.00000000	empty.png	0	-5.00000000	f	\N	\N	t
LG089542	BATIK JUNCTION BOX 51X90X176	7.50000000	empty.png	0	4000.00000000	f	\N	\N	t
LG089551	BOITE POINT DE CENTRE D.100MM	8.00000000	empty.png	0	-2.00000000	f	\N	\N	t
LG091657	PRISE 3P+N+T 20A PLEXO 55	65.00000000	empty.png	0	-73.00000000	f	\N	\N	t
LG089572	COUV.P/BTE LUMINAIRE D.75MM	2.50000000	empty.png	0	-345.00000000	f	\N	\N	t
LG069614	VV TEMOIN BLANC COMPOS.	53.00000000	empty.png	0	0.00000000	f	\N	\N	f
FITTIDRO25M	Tuyau d'arrosage Idro Yellow Fitt Ø 5/8 - 25M	32.50000000	FITTIDRO25M.jpg	638256	11.00000000	f	FAR00007	SFAR00021	t
CDFIL1.5ORANGE	ROULEAU FIL 1.5 ORANGE 100M	35.00000000	CDFIL1.5ORANGE.jpg	637933	-2190.50000000	f	FAR00002	SFAR00034	t
ACELS15M	ENROULEUR 15M  + 4 PRISES IP20 - H05VV-F 3GX1.5MM	45.00000000	ACELS15M.jpg	637921	166.00000000	f	FAR00002	SFAR00019	t
LG600001	INTER OU VV BLANC	5.50000000	empty.png	0	-3093.00000000	f	\N	\N	t
CDFIL2.5ROUGE	 FIL 2.5 ROUGE 100M	56.50000000	CDFIL2.5ROUGE.jpg	637939	-4825.00000000	f	FAR00002	SFAR00034	t
LG600006	POUSSOIR VMC BLANC	22.50000000	empty.png	0	-24.00000000	f	\N	\N	t
TERMAABPPNFK08053EX	PACK WC NF PRESIDENT NU (SANS PIPE SANS ROBINET)	170.00000000	TERMAABPPNFK08053EX.jpg	638696	-375.00000000	f	FAR00009	SFAR00015	t
CDFIL1.5BLEU	ROULEAU FIL 1.5 BLEU 100M	35.00000000	CDFIL1.5BLEU.jpg	637930	-3915.50000000	f	FAR00002	SFAR00034	t
CDFIL1.5ROUGE	ROULEAU FIL 1.5 ROUGE 100M	35.00000000	CDFIL1.5ROUGE.jpg	637931	-3649.50000000	f	FAR00002	SFAR00034	t
LG68037	LOGIX 45 FOND 160X50 3 COMPART	48.00000000	LG68037.jpg	639066	-23.00000000	f	FAR00002	SFAR00003	t
SKU426	PROJECTEUR LED 10W	20.00000000	SKU426.jpg	569485	0.00000000	f	FAR00002	SFAR00004	t
HAGGBD5016109016	GOULOTTE 160X50 CARTON DE 4 BARRES SOIT 8 METRES	0.00000000	HAGGBD5016109016.jpg	639069	144.00000000	f	FAR00002	SFAR00003	t
LG081960	BAGUE A VIS POUR BATIBOX BETON	1.50000000	empty.png	0	-37332.00000000	f	\N	\N	t
CDSR10	FIL SOUPLE 10° ROUGE AU METRE	3.00000000	CDSR10.jpg	638548	-1970.00000000	f	FAR00002	SFAR00034	t
LG600008	DOUBLE POUSSOIR BLANC	39.00000000	empty.png	0	-8.00000000	f	\N	\N	t
LG089575	CROCHET BATIBOX RILSAN L.105MM	3.50000000	empty.png	0	-509.00000000	f	\N	\N	t
CENIDC9130	DILUANT 9130	5.50000000	CENIDC9130.jpg	652515	2672.00000000	f	FAR00008	SFAR00028	t
CHAZ17CM6	COUTEAUX 17cm HONORÉ (12 Pièces)	60.00000000	empty.png	0	241.00000000	f	FAR00007	SFAR00033	t
LG089907	LAMP 230V AC GREEN	5.00000000	empty.png	0	-49.00000000	f	\N	\N	t
HAGATA123009016	MOULURE ATA 12x30 L=2.10M BLANC SOIT 30 BARRES - 60 METRES	5.00000000	HAGATA123009016.jpg	639070	4761.00000000	f	FAR00002	SFAR00003	t
NG10041524	ICTA GAINE TAG 20 - 50M	25.00000000	NG10041524.jpg	637998	36.00000000	f	FAR00002	SFAR00029	t
CHAZ21CM7	COUTEAUX 21cm HONORÉ (12 Pièces)	66.00000000	empty.png	0	172.00000000	f	FAR00007	SFAR00033	t
LG089583	CROCHET BATIBOX RILSAN L.85MM	5.00000000	empty.png	0	222.00000000	f	\N	\N	t
SH13403	COFFRET OPALE 3X13M AVEC PORTE SCHNEIDER AM	85.00000000	SH13403.jpg	638421	-35.00000000	f	FAR00002	SFAR00030	f
LG600004	POUSSOIR BLANC	6.00000000	empty.png	0	-570.00000000	f	\N	\N	t
LG4012140	COFFRET 4X13M AVEC PORTE LEGRAND	140.00000000	LG4012140.jpg	638443	-58.00000000	f	FAR00002	SFAR00030	f
UTECLP6004	HUBLOT LED AVEC DETECTEUR DE MOUVEMENT AVEC PREAVIS + VEILLE	75.00000000	empty.png	0	-1091.00000000	f	FAR00010	SFAR00017	t
LG069615	VV TEMOIN SS NEU. B. COMPO.	175.50000000	empty.png	0	0.00000000	f	\N	\N	f
LG089594	COUVERCLE DCL UNIVERSEL APPLIQ	11.50000000	empty.png	0	-12.00000000	f	\N	\N	t
LG089589	COUV.APPLIQ.DCL BATIBOX BETON	11.50000000	empty.png	0	-65.00000000	f	\N	\N	t
LG091655	PRISE 2P+T 20A PLEXO 55	96.00000000	empty.png	0	-5.00000000	f	\N	\N	t
HAGATA163009016	MOULURE ATA 16x30 L=2.10m BLANC CARTON DE 25 MOULURES SOIT  50 METRES	7.50000000	HAGATA163009016.jpg	638614	10758.00000000	f	FAR00002	SFAR00003	t
CDCABLE5G1.5METRE	CÂBLE 5G1.5 AU MÈTRE (R2V)	2.50000000	CDCABLE5G1.5METRE.jpg	637683	-16259.00000000	f	FAR00002	SFAR00034	t
LG600016	POUSSOIR LUMINEUX BLANC	17.50000000	empty.png	0	-169.00000000	f	\N	\N	t
LG030804	MOULURE 32X16 mm SANS CLOISON (CT DE 30)	6.50000000	LG030804.jpg	639072	502.00000000	f	FAR00002	SFAR00003	t
CDCABLE2X35CUIVRE	CABLE 2X35 CUIVRE AU METRE	20.00000000	CDCABLE2X35CUIVRE.jpg	638542	210.00000000	f	FAR00002	SFAR00034	t
LG600351	TV MALE ETOILE BLINDEE BLANC	14.00000000	empty.png	0	-24.00000000	f	\N	\N	t
EBE073000	HUBLOT AXIOME BLANC	30.00000000	empty.png	0	-62.00000000	f	FAR00010	SFAR00017	t
HAGGD213A	COFFRET GAMMA+13/ 2x13M SANS PORTE HAGER	44.00000000	HAGGD213A.jpg	638419	367.00000000	f	FAR00002	SFAR00030	t
CE658	 Verrou a bouton mm avec 5 cles infalsifiables	17.50000000	empty.png	0	-32.00000000	f	FAR00005	SFAR00031	t
CDFIL10MM2VERTJAUNE	FIL 10MM2 VERT JAUNE AU METRE	3.00000000	CDFIL10MM2VERTJAUNE.jpg	638552	-36833.00000000	f	FAR00002	SFAR00034	t
CDMNRO2V3G10	CÂBLE 3G10 AU MÈTRE (R2V)	10.00000000	CDMNRO2V3G10.jpg	637715	-515.00000000	f	FAR00002	SFAR00034	t
LG600137	PERMUTATEUR ALU	34.00000000	empty.png	0	-21.00000000	f	\N	\N	t
LG600425	SORTIE DE CABLE ASSOCIABLE ALU	16.50000000	empty.png	0	0.00000000	f	\N	\N	f
DIGILEDFAN-8115	VENTILATEUR LUMIERE AVEC LAMPE INTEGRE 72W	185.00000000	DIGILEDFAN-8115.jpg	573585	75.00000000	f	FAR00007	SFAR00018	t
LG600334	PRISE 2P BLANC	10.50000000	empty.png	0	-9.00000000	f	\N	\N	t
CDFIL1.5MARRON	ROULEAU FIL 1.5 MARRON 100M	35.00000000	CDFIL1.5MARRON.jpg	637935	-1122.50000000	f	FAR00002	SFAR00034	t
LG600049	GRIFFE PROF 40 MM	1.50000000	empty.png	0	-113.00000000	f	\N	\N	t
HAGGBD5013109016	GOULOTTE 2 COMPART. GBD 50x130 blanc CARTON DE 6 MOULURES SOIT 12 METRES THEALIT	45.00000000	empty.png	0	1257.00000000	f	FAR00002	SFAR00003	t
CDCUIVRENUMETRE	CUIVRE NU 25mm2 (AU MÈTRE)	6.00000000	CDCUIVRENUMETRE.jpg	637710	-5115.50000000	f	FAR00002	SFAR00034	t
CE136	 Verrou double canon gm avec 5 cles infalsifiables	25.00000000	empty.png	0	3277.00000000	f	FAR00005	SFAR00031	t
CDCABLE3G1.5METRE	CÂBLE 3G1.5 AU MÈTRE (R2V)	1.50000000	CDCABLE3G1.5METRE.jpg	637702	-14975.00000000	f	FAR00002	SFAR00034	t
CDFIL2.5VERTJAUNE	FIL 2.5 VERT JAUNE 100M	56.50000000	CDFIL2.5VERTJAUNE.jpg	637938	-4975.00000000	f	FAR00002	SFAR00034	t
HAGLFF6009009016	GOULOTTE LIFÉA 60x90 BLANC	55.00000000	HAGLFF6009009016.jpg	639073	351.00000000	f	FAR00002	SFAR00003	t
CDFIL16MMROUGE	FIL 16MM° ROUGE AU METRE	5.00000000	CDFIL16MMROUGE.jpg	637961	-745.00000000	f	FAR00002	SFAR00034	t
PW16240	VIADIS MOULURE 32X16 (CT DE 30)	6.49800000	empty.png	0	73.00000000	f	FAR00002	SFAR00003	t
PW68033	LOGIX 45 FOND 85X50 ARTIC AVEC COUVERCLES	32.00000000	empty.png	0	27.00000000	f	FAR00002	SFAR00003	t
CDFIL10MM2ROUGE	FIL 10MM2 ROUGE AU METRE	3.00000000	CDFIL10MM2ROUGE.jpg	637960	-1865.00000000	f	FAR00002	SFAR00034	t
LG600368	PRISE TELEPHONE EN T BLANC	20.00000000	empty.png	0	-221.00000000	f	\N	\N	t
SHR9H134020	COFFRET SCHNEIDER APPARENT  RESI 9 2X13M AVEC PORTE	65.00000000	SHR9H134020.jpg	638417	-143.00000000	f	FAR00002	SFAR00030	f
LG600345	CHARG 2USB C+C  3A 15W BLANC	76.00000000	empty.png	0	0.00000000	f	\N	\N	f
PW68034	LOGIX 45 - 130X50 ARTIC COMPLETS AVEC 2 COUVERCLES	45.00000000	empty.png	0	398.00000000	f	FAR00002	SFAR00003	t
LG600325	SORTIE CABLE ASSOCIABLE BLANC	12.00000000	empty.png	0	-73.00000000	f	\N	\N	t
LG600352	TV ET RJ45 CAT6 STP BLANC	62.00000000	empty.png	0	-3.00000000	f	\N	\N	t
LG600354	TV R ETOILE BLINDEE BLANC	56.50000000	empty.png	0	-1.00000000	f	\N	\N	t
LG600356	TV SAT ETOILE BLINDEE BLANC	56.50000000	empty.png	0	-10.00000000	f	\N	\N	t
LG600011	VV LUMINEUX BLANC	28.00000000	empty.png	0	-11.00000000	f	\N	\N	t
LG600324	SORTIE DE CABLE IP44 BLANC	16.00000000	empty.png	0	-36.00000000	f	\N	\N	t
LG600337	2P+T A PUITS BLANC	10.50000000	empty.png	0	-3.00000000	f	\N	\N	t
LG600344	2P+T IP44 BLANC	18.00000000	empty.png	0	-15.00000000	f	\N	\N	t
LG600635	50X PRISES 2P+T SURFACE BLANC	518.50000000	empty.png	0	0.00000000	f	\N	\N	f
CDS16B	FIL SOUPLE 16 BLEU AU METRE	5.00000000	CDS16B.jpg	638556	-800.00000000	f	FAR00002	SFAR00034	t
LG600852	PLAQUE 2P ALUMINIUM	16.50000000	empty.png	0	0.00000000	f	\N	\N	f
NG10042724	ICTA GAINE TAG 32 - 50M	82.00000000	NG10042724.jpg	637999	20.00000000	f	FAR00002	SFAR00029	t
LG600768	PRISE TELEPHONE EN T ONE BLANC	35.50000000	empty.png	0	-4.00000000	f	\N	\N	t
LG600807	PLAQUE 2P 57MM BLANC	10.00000000	empty.png	0	-24.00000000	f	\N	\N	t
LG600803	PLAQUE 3P BLANC	7.50000000	empty.png	0	-779.00000000	f	\N	\N	t
LG600802	PLAQUE 2P BLANC	5.00000000	empty.png	0	-2473.00000000	f	\N	\N	t
LG600980	PLAQUE 1P DECO BLANC	2.00000000	empty.png	0	-40.00000000	f	\N	\N	t
LG600724	SORTIE DE CABLE IP21	11.50000000	empty.png	0	0.00000000	f	\N	\N	f
CD4X16METRE	CÂBLE 4X16 AU MÈTRE (R2V)	17.50000000	CD4X16METRE.jpg	637732	-86.00000000	f	FAR00002	SFAR00034	t
LG069617	INTER CREPUSCULAIRE BLANC COMP	404.00000000	empty.png	0	0.00000000	f	\N	\N	f
LG069619	VV + POUS. NO+NF LUMI. COMPO.	79.50000000	empty.png	0	0.00000000	f	\N	\N	f
LG069621	2P+T F/B BLANC COMPO	22.00000000	empty.png	0	0.00000000	f	\N	\N	f
LG600451	TV MALE ETOILE BLINDEE ALU	27.50000000	empty.png	0	-5.00000000	f	\N	\N	t
LG600823	PLAQUE 3  POSTES PLUME	12.00000000	empty.png	0	-1.00000000	f	\N	\N	t
LG600841	PLAQUE 1P BLANC CHROME	8.50000000	empty.png	0	-10.00000000	f	\N	\N	t
LG600882	PLAQUE 2P STYLE BOIS EBENE	24.50000000	empty.png	0	300.00000000	f	\N	\N	t
LG64224	PRISE 2XRJ45 CAT6FTP ESP.EV MG	82.50000000	empty.png	0	0.00000000	f	\N	\N	f
LG069627	INTER BIPO. BLANC COMPO.	50.00000000	empty.png	0	0.00000000	f	\N	\N	f
CDMNHO7RNFSOUPLE3G2	CÂBLE SOUPLE 3G2.5 AU MÈTRE (HO7RNF)	3.80000000	CDMNHO7RNFSOUPLE3G2.jpg	638550	-2292.00000000	f	FAR00002	SFAR00034	t
CDFIL25MMVERT/JAUNE	FIL 25MM² VERT/JAUNE AU METRE	6.00000000	empty.png	0	-499.00000000	f	FAR00002	SFAR00034	t
LG64938	SORTIE DE CABLE BLANC	12.50000000	empty.png	0	0.00000000	f	\N	\N	f
PER16100MBLEU	RETUBE Ø16 100M BLEU	130.00000000	PER16100MBLEU.jpg	637829	116.00000000	f	FAR00003	SFAR00024	t
NEGOS1131215L	RETUBE Ø12 15M ROUGE	30.00000000	NEGOS1131215L.jpg	637834	24.00000000	f	FAR00003	SFAR00024	t
NEGOS1131650A	RETUBE Ø16 50M ROUGE	85.00000000	NEGOS1131650A.jpg	637823	109.00000000	f	FAR00003	SFAR00024	t
CE01170307	ESCABEAU ALU ARTUB NF - 7 MARCHES	149.00000000	CE01170307.jpg	638316	-15.00000000	f	FAR00007	SFAR00037	t
CE01170308	ESCABEAU ALU ARTUB NF - 8 MARCHES	175.00000000	CE01170308.jpg	638235	-11.00000000	f	FAR00007	SFAR00037	t
LG069630	POUS. NO BLANC COMPO.	23.00000000	empty.png	0	0.00000000	f	\N	\N	f
NEGOSPREFILE20100M	GAINE PREFILEE NOIRE 3G2,5	198.00000000	NEGOSPREFILE20100M.jpg	637983	-45.00000000	f	FAR00002	SFAR00029	f
ROZ213040219000	RACLETTE SOLS PRO 45CM ROZ + MANCHE BOIS 120ROZ	12.50000000	ROZ213040219000.jpg	639195	0.00000000	f	FAR00007	SFAR00038	f
ROZ610088219000	BALAI DROIT NAC + MANCHE BOIS 120 ROZ	7.00000000	ROZ610088219000.jpg	639192	0.00000000	f	FAR00007	SFAR00038	f
EDS3456630013076	EDS MITIGEUR EVIER ATHENA	27.50000000	empty.png	0	-18.00000000	f	FAR00003	SFAR00012	t
ROZ66020021900	FROTTOIR SEMELLE EXPANSEE ROZ + MANCHE BOIS 120 ROZ	7.00000000	ROZ66020021900.jpg	639196	0.00000000	f	FAR00007	SFAR00038	f
CD3G2.5METRE	CÂBLE 3G2.5 AU MÈTRE (R2V)	2.00000000	CD3G2.5METRE.jpg	637667	-9886.50000000	f	FAR00002	SFAR00034	t
FIRSTTT16294G	FIRST TUBE PVC D.160	45.00000000	FIRSTTT16294G.jpg	637814	-54.00000000	f	FAR00003	SFAR00035	t
NEGOS11131615L	RETUBE Ø16 15M BLEU	37.50000000	NEGOS11131615L.jpg	637819	0.00000000	f	FAR00003	SFAR00024	t
LG001921	COFFRET PLEXO3 ÉTANCHE IP65 1X12MODULES	98.00000000	LG001921.jpg	639044	-13.00000000	f	FAR00002	SFAR00030	t
EDS3456630013113	MEL BD HERA CHR BTE	35.00000000	empty.png	0	-3.00000000	f	FAR00003	SFAR00012	f
NEGOS1131615L	RETUBE Ø16 15M ROUGE	37.50000000	NEGOS1131615L.jpg	637821	-5.00000000	f	FAR00003	SFAR00024	t
EDS3047404210113	JOINT + FIXATION RESERVOIR	18.50000000	empty.png	0	46.00000000	f	FAR00003	SFAR00010	t
EDS3047404059385	MITIGEUR EVIER ILO MEMOIRE DE FORME CHROME	85.00000000	EDS3047404059385.jpg	638975	4.00000000	f	FAR00003	SFAR00012	f
EDS3456630012199	LAVE-MAINS HT STANDARD-E CH BT	21.00000000	empty.png	0	-25.00000000	f	FAR00003	SFAR00012	t
BENECIS30604178	BOSTIK PLATRE FIN 5KG	12.00000000	BENECIS30604178.jpg	638916	-414.00000000	f	FAR00007	SFAR00039	t
EDS3456630013144	MIT BD ATHENA CHR BTE	35.00000000	empty.png	0	-8.00000000	f	FAR00003	SFAR00012	t
CABLESHORNF3G6	CÂBLE 3G6 AU MÈTRE (R2V)	5.50000000	CABLESHORNF3G6.jpg	637958	-1201.00000000	f	FAR00002	SFAR00034	t
PER12100MBLEU	RETUBE Ø12 100M BLEU	105.00000000	PER12100MBLEU.jpg	637833	426.00000000	f	FAR00003	SFAR00024	t
PER12100MROUGE	RETUBE Ø12 100M ROUGE	105.00000000	PER12100MROUGE.jpg	637832	277.00000000	f	FAR00003	SFAR00024	t
NEGOS11131215L	RETUBE Ø12 15M BLEU	30.00000000	NEGOS11131215L.jpg	637817	52.00000000	f	FAR00003	SFAR00024	t
CABLESFTPCAT61X4	CÂBLE INFORMATIQUE 1X4PAIRES CAT. 6E - F/UTP (AU MÈTRE)	2.00000000	CABLESFTPCAT61X4.jpg	637993	-36120.00000000	f	FAR00002	SFAR00034	t
EDS3456630013267	MITIGEUR LAVABO ALTIMO HAUT	60.00000000	EDS3456630013267.jpg	638006	8.00000000	f	FAR00003	SFAR00012	t
EDA010162	JERRICAN 20 LITRES BOUCHON VERSEUR NATUREL BV SAC X 5	18.00000000	empty.png	0	-33.00000000	f	FAR00007	SFAR00022	f
SH13402	COFFRET 2X13M OPALE AVEC PORTE SCHNEIDER	65.00000000	SH13402.jpg	638418	-68.00000000	f	FAR00002	SFAR00030	f
ACELIP40	ENROULEUR DE CHANTIER 35M+ 4 PRISES en 3G2.5mm IP44	155.00000000	ACELIP40.jpg	637924	-46.00000000	f	FAR00002	SFAR00019	t
CABLESPTT/M	CÂBLE TÉLÉPHONE PTT 298 4P au MÈTRE	1.00000000	empty.png	637946	-11002.00000000	f	FAR00002	SFAR00034	t
INTERPAINTSECOMAT	PEINTURE ECOMAT BLANC 15L IP PRO	35.00000000	INTERPAINTSECOMAT.jpg	638101	3.00000000	f	FAR00004	SFAR00008	t
EDS3047404061142	MITIGEUR EVIER OPUS CHROME	115.00000000	EDS3047404061142.jpg	638976	6.00000000	f	FAR00003	SFAR00012	t
ARMOULD07132	IRL TUBIRO DE 32 EN 3M (10P)	6.00000000	ARMOULD07132.jpg	637808	204.00000000	f	FAR00002	SFAR00027	t
EDS3456630013151	EDS MITIGEUR DOUCHE ATHENA	30.00000000	empty.png	0	-52.00000000	f	FAR00003	SFAR00012	t
LG664595	SORTIE CABLE GRIFFES PUR	15.50000000	empty.png	0	0.00000000	f	\N	\N	f
LG001906	COFFRET PLEXO3 ÉTANCHE IP65 6 MODULES	52.50000000	LG001906.jpg	639048	23.00000000	f	FAR00002	SFAR00030	t
LG663928	2P+T FB 16A ECLIPS BV CPLT BL	19.00000000	empty.png	0	0.00000000	f	\N	\N	f
LG069631	POUS. NO+NF BLANC COMPO.	50.50000000	empty.png	0	0.00000000	f	\N	\N	f
LG663934	2P 16A ECLIPS BV CPLT BL	19.00000000	empty.png	0	0.00000000	f	\N	\N	f
PW16360	VIADIS 60X40 BA (CT DE 12)	32.00000000	PW16360.jpg	639059	-498.00000000	f	FAR00002	SFAR00003	t
BENECIS321410900	GOUTNET ENDUIT A PROJETER STANDARD 25KG - BAGAR	30.00000000	BENECIS321410900.jpg	638883	43.00000000	f	FAR00007	SFAR00039	t
LG664768	PRISE TELEPHONIQUE EN T PUR	31.50000000	empty.png	0	-67.00000000	f	\N	\N	t
EDS3456637810159	EDS COMBIBARRE LEKO 3JETS	30.00000000	EDS3456637810159.jpg	639094	-80.00000000	f	FAR00003	SFAR00010	t
LG663935	2P+T FB 16A ECLIPS BA CPLT BL	18.50000000	empty.png	0	0.00000000	f	\N	\N	f
LG069632	POUS. NO LUMIN. BLANC COMPO.	34.00000000	empty.png	0	0.00000000	f	\N	\N	f
EDA019162	JERRICAN PLASTIQUE 20 LITRES HYDROCARBURE ROUGE SAC X 5	20.00000000	EDA019162.jpg	638021	2.00000000	f	FAR00007	SFAR00022	t
LG069633	POUS. NO LUMIN. PORTE-ETI. CO.	46.00000000	empty.png	0	0.00000000	f	\N	\N	f
LG069634	POUS. NO+NF LUM. PRTE-ETI. CO.	56.00000000	empty.png	0	0.00000000	f	\N	\N	f
GOMAGOM41	COLLE DE MONTAGE EXTRA FORTE 200g	4.00000000	GOMAGOM41.jpg	638974	-13.00000000	f	FAR00007	SFAR00039	t
LG069635	DOUBLE POUS. BLANC COMPO.	45.00000000	empty.png	0	0.00000000	f	\N	\N	f
LG664101	V-V BA GRIF. CPLT PUR	16.50000000	empty.png	0	-15.00000000	f	\N	\N	t
LG664105	POUS BA GRIF. CPLT PUR	22.50000000	empty.png	0	-2.00000000	f	\N	\N	t
LG664135	2P+T BA ECLIPS GRIF.CPLT PUR	17.00000000	empty.png	0	-59.00000000	f	\N	\N	t
LG664151	TV MALE ET.BL. GRIF. CPLT PUR	28.50000000	empty.png	0	-1.00000000	f	\N	\N	t
LG664168	TELEPHONE T CPLT PUR	35.50000000	empty.png	0	-2.00000000	f	\N	\N	t
LG664502	DOUBLE V-V 10AX BLANC GRIFFE	36.00000000	empty.png	0	-1.00000000	f	\N	\N	t
LG664505	POUSSOIR 6A BLANC GRIFFE	21.00000000	empty.png	0	-6.00000000	f	\N	\N	t
LG664551	PRISE TV SIMPLE MALE ETOILE	26.50000000	empty.png	0	-1.00000000	f	\N	\N	t
LG664701	VA-ET-VIENT 10AX BLANC	12.00000000	empty.png	0	-509.00000000	f	\N	\N	t
LG664702	DOUBLE VA-ET-VIENT 10AX BLANC	33.50000000	empty.png	0	-209.00000000	f	\N	\N	t
LG664705	POUSSOIR 6A BLANC	18.00000000	empty.png	0	-105.00000000	f	\N	\N	t
LG664715	POUSSOIR 6A P-E	37.50000000	empty.png	0	-3.00000000	f	\N	\N	t
LG664735	2P+T FB BA BLANC	12.50000000	empty.png	0	-990.00000000	f	\N	\N	t
LG664756	TV/SAT ETOILE BLINDE PUR	82.50000000	empty.png	0	-25.00000000	f	\N	\N	t
LG664763	TV/R/SAT ETOILE BLINDE PUR	89.50000000	empty.png	0	-57.00000000	f	\N	\N	t
GRK9581A	DISTRIBUTEUR MF 3/4 D MINI VANNES 2 SORTIES	18.00000000	GRK9581A.jpg	639797	185.00000000	f	FAR00003	SFAR00040	t
BENECIS30604182	BOSTIK ENDUIT DE REBOUCHAGE POUDRE 5KG	24.00000000	BENECIS30604182.jpg	638967	0.00000000	f	FAR00007	SFAR00039	t
LG664795	SORTIE CABLE BLANC	10.50000000	empty.png	0	0.00000000	f	\N	\N	f
GRK9581C	DISTRIBUTEUR MF 3/4 MINI VANNES 4 SORTIES	32.00000000	GRK9581C.jpg	639802	224.00000000	f	FAR00003	SFAR00040	t
LG764527	2P+T FB ECLIPS BLANC	7.50000000	empty.png	0	0.00000000	f	\N	\N	f
COMBIDOUCHESONORA	COMBIDOUCHE SONORA CHR (ROUSSEAU) BTE EDS	90.00000000	COMBIDOUCHESONORA.jpg	639084	-120.00000000	f	FAR00003	SFAR00010	t
EDS8414194401314	COMBINE DOUCHE SHENTI CHROME	168.00000000	EDS8414194401314.jpg	639088	-1.00000000	f	FAR00003	SFAR00010	t
LG764532	2P+T SCH ECLIPS VOLET BLANC	13.00000000	empty.png	0	0.00000000	f	\N	\N	f
LG665097	GRIFFE RAPIDO COURTE	1.50000000	empty.png	0	-4.00000000	f	\N	\N	t
BO30604186	BOSTIK ENDUIT REBOUCHAGE PATE 1.5 KG	11.50000000	BO30604186.jpg	638953	-2.00000000	f	FAR00007	SFAR00039	t
BENECIS30110692	BOSTIK JOINT PATE STANDARD BLANC 1.5KG	10.00000000	BENECIS30110692.jpg	638956	-4.00000000	f	FAR00007	SFAR00039	t
BENECIS30110691	BOSTIK JOINT PATE STANDARD BLANC 5 KG	30.00000000	BENECIS30110691.jpg	638969	-6.00000000	f	FAR00007	SFAR00039	t
LG764538	2P ECLIPS BLANC	7.50000000	empty.png	0	0.00000000	f	\N	\N	f
ROZ206204	BALAI SORGHO 4 FILS roz	12.00000000	ROZ206204.jpg	639203	21.00000000	f	FAR00007	SFAR00038	t
GRK758FG	ROBINET ARROSAGE A BOISEAUX SPHERIQUE AVEC PAPILLON	8.00000000	GRK758FG.jpg	639406	-1612.00000000	f	FAR00003	SFAR00012	t
GRK73-8FG	ROBINET D'arrosage avec tete cachee entree et cle 1/2 3/4 grenaillé	26.00000000	GRK73-8FG.jpg	639412	14.00000000	f	FAR00003	SFAR00012	t
EDS3047404056322	COMBINE DOUCHE SOTO CHROME	90.00000000	EDS3047404056322.jpg	639085	99.00000000	f	FAR00003	SFAR00010	t
LG665099	ACCESSOIRE GRIFFE RAPIDO	1.50000000	empty.png	0	-188.00000000	f	\N	\N	t
LG069636	DOUBLE POUS. LUMIN. B. COMPO.	59.00000000	empty.png	0	0.00000000	f	\N	\N	f
GRK778FG	ROBINET ARROSAGE CADENASSABLE 1/2 3/4	10.00000000	GRK778FG.jpg	639413	-356.00000000	f	FAR00003	SFAR00012	t
GRK9581B	DISTRIBUTEUR MF 3/4 MINI VANNES 3 SORTIES	26.00000000	GRK9581B.jpg	639801	88.00000000	f	FAR00003	SFAR00040	t
ROZ631129219000	BALAI COCO ZEBRE POLYPRO ROZ + MANCHE BOIS 120 ROZ	7.50000000	ROZ631129219000.jpg	639171	0.00000000	f	FAR00007	SFAR00038	f
BENECISCCCB20KL	CIMENT COLLE CARRELAGE BLANC - 20KL	12.00000000	BENECISCCCB20KL.jpg	638934	-628.00000000	f	FAR00007	SFAR00039	t
BENECIS30604189	BOSTIK ENDUIT LISSAGE POUDRE 5 KG	24.00000000	BENECIS30604189.jpg	638930	-99.00000000	f	FAR00007	SFAR00039	t
GRK9581K	DISTRIBUTEUR MF 3/4 MINI VANNES 7 SORTIES	69.00000000	GRK9581K.jpg	639809	91.00000000	f	FAR00003	SFAR00040	t
LG069640	2P+T SCHUKO BLANC COMPO.	35.00000000	empty.png	0	0.00000000	f	\N	\N	f
LG069642	2P+T F/B PRECAB. 2PH B. COMPO.	50.00000000	empty.png	0	0.00000000	f	\N	\N	f
LG069644	2P+T F/B PRECAB. 3PH B. COMPO.	76.50000000	empty.png	0	0.00000000	f	\N	\N	f
LG069645	PRISE DIFFERENTIE. 30MA COMPO.	405.00000000	empty.png	0	0.00000000	f	\N	\N	f
LG069646	EMBOUT BLANC	3.50000000	empty.png	0	0.00000000	f	\N	\N	f
LG069647	JEU DE 2 ACCESS.ENCASTRES IK08	13.00000000	empty.png	0	0.00000000	f	\N	\N	f
LG069652	BOITIER PE PG 1P GRIS COMPO.	24.00000000	empty.png	0	0.00000000	f	\N	\N	f
ED00031	COMBIDOUCHE PLUTON CHR BTE	90.00000000	ED00031.jpg	639083	-209.00000000	f	FAR00003	SFAR00010	t
HAGGP113P	PORTE OPAQUE Gamma 13 pr GD113A	26.50000000	HAGGP113P.jpg	639447	187.00000000	f	FAR00002	SFAR00030	t
LG001923	COFFRET PLEXO3 ÉTANCHE IP65 3X12MODULES	160.00000000	LG001923.jpg	639047	-50.00000000	f	FAR00002	SFAR00030	t
LG665002	PLAQUE DOUBLE  71 BLANC	3.50000000	empty.png	0	-10.00000000	f	\N	\N	t
LG665003	PLAQUE TRIPLE  71 BLANC	6.50000000	empty.png	0	-24.00000000	f	\N	\N	t
LG665114	ECOVARIATEUR 2FILS NILOE BLANC	85.00000000	empty.png	0	-5.00000000	f	\N	\N	t
HAGBA780080	GOULOTTE DE CABLAGE en pvc GRIS BA7 80X80mm HAGER	0.00000000	HAGBA780080.jpg	639592	0.00000000	f	FAR00002	SFAR00003	t
LG764746	SORTIE CABLE ASSO. MARRON	18.50000000	empty.png	0	0.00000000	f	\N	\N	f
LG764727	2P+T FB ECLIPSE MARRON	8.00000000	empty.png	0	0.00000000	f	\N	\N	f
GRK9581M	DISTRIBUTEUR MF 3/4 MINI VANNES 9 SORTIES	80.00000000	GRK9581M.jpg	639813	-23.00000000	f	FAR00003	SFAR00040	t
LG764738	2P ECLIPSE MARRON	8.00000000	empty.png	0	0.00000000	f	\N	\N	f
LG069511	VV GRIS COMPOSABLE	19.00000000	empty.png	0	0.00000000	f	\N	\N	f
LG080007	BATIBOX ENERGY CHANTIER X 300	1011.50000000	empty.png	0	0.00000000	f	\N	\N	f
LG080008	DISTRIBOX CL.SECHES P40MM X100	227.50000000	empty.png	0	0.00000000	f	\N	\N	f
LG069653	PE MULTI CABLES (PG) 7-14 MM	8.50000000	empty.png	0	0.00000000	f	\N	\N	f
LG069655	BOITIER 1P GRIS EMB.BAS 2 SORT	7.50000000	empty.png	0	0.00000000	f	\N	\N	f
LG069656	BOITIER PE ISO20 1 ENTREE	28.00000000	empty.png	0	0.00000000	f	\N	\N	f
LG069661	BOITIER 2PV GRIS COMPO.	28.50000000	empty.png	0	0.00000000	f	\N	\N	f
LG069664	BOITIER PE PG 2PV GRIS COMPO.	35.00000000	empty.png	0	0.00000000	f	\N	\N	f
LG069668	BOITIER PE ISO20 2PV 2 ENTR.H	41.50000000	empty.png	0	0.00000000	f	\N	\N	f
LG069672	BOITIER 2PH GRIS COMPO.	28.50000000	empty.png	0	0.00000000	f	\N	\N	f
LG069678	BOITIER PE ISO20 2PH 2 ENTR.	42.00000000	empty.png	0	0.00000000	f	\N	\N	f
LG069679	BOITIER GRIS 3POSTES VERTICAL	59.50000000	empty.png	0	0.00000000	f	\N	\N	f
LG069680	BOITIER 3PH GRIS COMPO.	59.00000000	empty.png	0	0.00000000	f	\N	\N	f
LG600002	DOUBLE VV BLANC DOOXIE SANS PLAQUE	10.00000000	empty.png	0	-440.00000000	f	\N	\N	t
LG600323	SORTIE DE CABLE IP21 BLANC	6.50000000	empty.png	0	934.00000000	f	\N	\N	t
LG600801	PLAQUE 1P BLANC	2.50000000	empty.png	0	-3537.00000000	f	\N	\N	t
GRK294FG	ROBINET MACHINE A LAVER 1/2 - 3/4	6.50000000	GRK294FG.jpg	639419	-907.00000000	f	FAR00003	SFAR00012	t
LG089591	COUV.DCL BATIBOX BETON  D120MM	12.00000000	empty.png	0	136.00000000	f	\N	\N	t
LG600353	TV R SAT ETOILE BLINDEE BLANC	40.00000000	empty.png	0	-890.00000000	f	\N	\N	t
LG069711	VA-ET-VIENT GRIS SAILLIE	12.00000000	empty.png	0	-2300.00000000	f	\N	\N	t
LG665001	PLAQUE SIMPLE BLANC	2.00000000	empty.png	0	-605.00000000	f	\N	\N	t
LG600335	DOOXIE PRISE DE COURANT ENCASTRÉ SANS PLAQUE	6.00000000	empty.png	0	8095.00000000	f	\N	\N	t
LG086020	DOUBLE VA ET VIENT 10A SAILLIE	20.00000000	empty.png	0	-4452.00000000	f	\N	\N	t
LG600804	PLAQUE 4P BLANC	9.50000000	empty.png	0	-155.00000000	f	\N	\N	t
LG069811	VA-ET-VIENT GRIS ENCASTRE	14.00000000	empty.png	0	-1519.00000000	f	\N	\N	t
LG086001	VA ET VIENT 10A SAILLIE	8.00000000	empty.png	0	-3703.00000000	f	\N	\N	t
LG086027	OTEO PRISE 2P+T 16A 250V SAILLIE	7.50000000	empty.png	0	5652.00000000	f	\N	\N	t
LG089571	COUV.P/BTE LUMINAIRE D.110	2.00000000	empty.png	0	-347.00000000	f	\N	\N	t
LG080180	COUVERCLE BATIBOX ROND 1 POSTE	2.50000000	empty.png	0	-2935.00000000	f	\N	\N	t
LG081940	BATIBOX BETON SIMPLE 1P P.58MM	1.50000000	empty.png	0	1560.00000000	f	\N	\N	t
LG782416	SORTIE DE CABLE BLANC	7.50000000	empty.png	0	0.00000000	f	\N	\N	f
LG782377	PRISE DOUBLE FB 2X2P+T BL IP44	32.00000000	empty.png	0	0.00000000	f	\N	\N	f
LG782397	PRISE DOUBLE FB 2X2P+T GR IP44	32.00000000	empty.png	0	0.00000000	f	\N	\N	f
LG069685	PLAQUE + SUPPORT 2PV GRIS	22.50000000	empty.png	0	0.00000000	f	\N	\N	f
LG782446	SORTIE DE CABLE IVOIRE	7.50000000	empty.png	0	0.00000000	f	\N	\N	f
LG069687	PLAQUE + SUPPORT 3PH GRIS	40.00000000	empty.png	0	0.00000000	f	\N	\N	f
LG069689	BOITIER 1P BLANC COMPO.	9.00000000	empty.png	0	0.00000000	f	\N	\N	f
LG069690	BOITIER 2PH BLANC COMPO.	36.50000000	empty.png	0	0.00000000	f	\N	\N	f
LG069691	BOITIER 2PV BLANC COMPO.	36.50000000	empty.png	0	0.00000000	f	\N	\N	f
LG069692	PLAQUE + SUPPORT 1P BLANC	11.50000000	empty.png	0	0.00000000	f	\N	\N	f
LG069694	PLAQUE + SUPPORT 2PH BLANC	22.50000000	empty.png	0	0.00000000	f	\N	\N	f
GRK748FG	ROBINET ARROSAGE A BOISSEAUX SPHERIQUE AVEC POIGNEE 1/2 3/4	8.50000000	GRK748FG.jpg	639258	-253.00000000	f	FAR00003	SFAR00012	t
LG600060	ECO-VARIATEUR BLANC 2 FILS	105.00000000	empty.png	0	-10.00000000	f	\N	\N	t
LG764529	2P+T SCH ECLIPS BLANC	7.50000000	empty.png	0	0.00000000	f	\N	\N	f
LG068721	PLAQUE 1P ALU SNAKE	24.00000000	empty.png	0	0.00000000	f	\N	\N	f
LG068762	PLAQUE 2P ORANGE SNAKE	47.50000000	empty.png	0	0.00000000	f	\N	\N	f
LG069696	PLAQUE + SUPPORT 2PV BLANC	22.50000000	empty.png	0	0.00000000	f	\N	\N	f
LG069706	INTER CLE BARILLET EUROPEEN 1P	180.50000000	empty.png	0	0.00000000	f	\N	\N	f
LG069710	VV TEMOIN GRIS COMPLET	49.00000000	empty.png	0	0.00000000	f	\N	\N	f
LG069712	VV TEMOIN GRIS SAILLIE	48.50000000	empty.png	0	0.00000000	f	\N	\N	f
LG069713	VV LUMINEUX GRIS SAILLIE	46.00000000	empty.png	0	0.00000000	f	\N	\N	f
LG069723	POUS. NO 1P CLP GRIS SAILLIE	49.00000000	empty.png	0	0.00000000	f	\N	\N	f
LG069861	POUS. NO+NF LUMIN. B. ENCASTRE	69.50000000	empty.png	0	0.00000000	f	\N	\N	f
LG077724	COMMANDE SSFIL ON/OFF DOUBLE B	164.50000000	empty.png	0	0.00000000	f	\N	\N	f
LG078912	EMETTEUR HDMI MOSAIC BLANC	430.00000000	empty.png	0	0.00000000	f	\N	\N	f
LG078913	RECEPTEUR HDMI MOSAIC BLANC	488.00000000	empty.png	0	0.00000000	f	\N	\N	f
LG080009	DISTRIBOX CL.SECHES P50MM X100	227.50000000	empty.png	0	0.00000000	f	\N	\N	f
LG080010	BATIBOX HUISSERIE METAL 1MODUL	11.00000000	empty.png	0	0.00000000	f	\N	\N	f
LG080011	BATIBOX HUISSERIE METAL 2MODUL	12.50000000	empty.png	0	0.00000000	f	\N	\N	f
LG080012	DISTRIBOX BATIBOX ENERGY P40MM	227.50000000	empty.png	0	0.00000000	f	\N	\N	f
LG080013	DISTRIBOX BATIBOX ENERGY P50MM	227.50000000	empty.png	0	0.00000000	f	\N	\N	f
LG080014	BATIBOX CHANTIER 300 NRJ 1P50	1460.00000000	empty.png	0	0.00000000	f	\N	\N	f
LG080020	BATIBOX OBTURAT ENERGY D20MM	2.00000000	empty.png	0	0.00000000	f	\N	\N	f
LG080021	BATIBOX ENERGY 1POSTE 40MM	3.50000000	empty.png	0	0.00000000	f	\N	\N	f
LG080155	BATIBOX MACONN.P/PRISE RASOIR	13.00000000	empty.png	0	0.00000000	f	\N	\N	f
LG080199	ECRAN PLATRE REPERABLE BATIBOX	2.50000000	empty.png	0	0.00000000	f	\N	\N	f
LG080129	RAIL BOITES BATIBOX MULTI-MAT.	57.00000000	empty.png	0	0.00000000	f	\N	\N	f
LG080131	BATIBOX MACONN.1POSTE P30MM	4.00000000	empty.png	0	0.00000000	f	\N	\N	f
LG080132	SCIE MULTI-MAT.BATIBOX D.32MM	255.00000000	empty.png	0	0.00000000	f	\N	\N	f
LG080141	BATIBOX MACONN.1POSTE P40MM	3.00000000	empty.png	0	0.00000000	f	\N	\N	f
LG080142	BATIBOX MACONN.2POSTES P.40MM	6.50000000	empty.png	0	0.00000000	f	\N	\N	f
LG080143	BATIBOX MACONN.3POSTES P.40MM	9.50000000	empty.png	0	0.00000000	f	\N	\N	f
LG080144	BATIBOX MACONN.4POSTES P.40MM	15.00000000	empty.png	0	0.00000000	f	\N	\N	f
LG080149	BATIBOX MACONN.3MODUL  P.40MM	12.50000000	empty.png	0	0.00000000	f	\N	\N	f
LG080161	BATIBOX MACONN.1POSTE P.60MM	7.50000000	empty.png	0	0.00000000	f	\N	\N	f
LG080167	SCIE MULTI-MAT.BATIBOX D.67MM	248.00000000	empty.png	0	0.00000000	f	\N	\N	f
LG080170	BATIBOX CHAMBRANL.1POSTE P40MM	14.00000000	empty.png	0	0.00000000	f	\N	\N	f
LG080182	COUVERCLE BTES BATIBOX 2POSTES	18.00000000	empty.png	0	0.00000000	f	\N	\N	f
LG080185	BATIBOX MACONN.PC 32A P.50MM	14.00000000	empty.png	0	0.00000000	f	\N	\N	f
LG080189	MAXBOX 100 1P MULTIMAT	369.50000000	empty.png	0	0.00000000	f	\N	\N	f
LG080193	BATIBOX CONNEX.MULTIMEDIA 5MOD	120.50000000	empty.png	0	0.00000000	f	\N	\N	f
LG080194	COUVERCLE BATIBOX BOITE 2X4/5M	30.00000000	empty.png	0	0.00000000	f	\N	\N	f
LG080195	BATIBOX CONNEX.MULTIMEDIA 2X5M	129.00000000	empty.png	0	0.00000000	f	\N	\N	f
LG080209	PRBATIBOX SUPPORT 1P CART 100	425.00000000	empty.png	0	0.00000000	f	\N	\N	f
LG086055	PRISE 2P+T A DETROMPAGE SAILLI	12.50000000	empty.png	0	-58.00000000	f	\N	\N	t
GRK9581D	DISTRIBUTEUR MF 3/4 MINI VANNES 5 SORTIES	40.00000000	GRK9581D.jpg	639804	146.00000000	f	FAR00003	SFAR00040	t
PRYSM20032289	CABLE 3x95+50mm² (H1XDV-AS) AU MÈTRE	22.00000000	empty.png	0	425.00000000	f	FAR00002	SFAR00034	t
ACELB3PS	BLOC 3 PRISES SIMPLE + câble 1m	6.00000000	ACELB3PS.jpg	643885	-921.00000000	f	FAR00002	SFAR00019	t
PRYSM20032292	CABLE 3x150+70mm² (H1XDV-AS) AU MÈTRE	29.00000000	empty.png	0	655.00000000	f	FAR00002	SFAR00034	t
LG080241	CADRE CELIANE 1 POSTE BLANC	27.00000000	empty.png	0	0.00000000	f	\N	\N	f
LG080242	CADRE CELIANE 2 POSTES BLANC	53.50000000	empty.png	0	0.00000000	f	\N	\N	f
LG080243	CADRE SALLIE 3 POSTES BLANC	80.00000000	empty.png	0	0.00000000	f	\N	\N	f
LG080244	CADRE CELIANE 1 POSTE TITANE	31.50000000	empty.png	0	0.00000000	f	\N	\N	f
LG080246	CADRE SALLIE 3 POSTES TITANE	94.00000000	empty.png	0	0.00000000	f	\N	\N	f
LG080250	SUPP.BATIBOX POSTE ETROIT/1M	14.00000000	empty.png	0	0.00000000	f	\N	\N	f
LG080022	BATIBOX ENERGY 2 POSTES 40MM	14.50000000	empty.png	0	0.00000000	f	\N	\N	f
LG080023	BATIBOX ENERGY 3 POSTES 40MM	18.00000000	empty.png	0	0.00000000	f	\N	\N	f
LG080024	ENERGY 4PD67MM 40MM	22.00000000	empty.png	0	0.00000000	f	\N	\N	f
LG080025	BATIBOX OBTURAT ENERGY D25MM	2.50000000	empty.png	0	0.00000000	f	\N	\N	f
LG080030	OBTURATEUR D 32MM COND ANNELLE	2.50000000	empty.png	0	0.00000000	f	\N	\N	f
LG080031	BATIBOX ENERGY 1POSTE 50MM	5.00000000	empty.png	0	0.00000000	f	\N	\N	f
LG080032	ENERGY 2PD67MM 50MM	15.00000000	empty.png	0	0.00000000	f	\N	\N	f
LG080033	ENERGY 3PD67MM 50MM	19.00000000	empty.png	0	0.00000000	f	\N	\N	f
LG080034	ENERGY 4PD67MM 50MM	27.50000000	empty.png	0	0.00000000	f	\N	\N	f
LG080041	BATIBOX CL.SECH 1POSTE  P.40MM	3.50000000	empty.png	0	0.00000000	f	\N	\N	f
LG080042	BATIBOX CL.SECH 2POSTES P.40MM	13.50000000	empty.png	0	0.00000000	f	\N	\N	f
LG080043	BATIBOX CL.SECH 3POSTES P.40MM	17.50000000	empty.png	0	0.00000000	f	\N	\N	f
LG080044	BATIBOX CL.SECH 4POSTES P.40MM	21.00000000	empty.png	0	0.00000000	f	\N	\N	f
LG080049	BATIBOX CL.SECH.3MODUL P.40MM	19.00000000	empty.png	0	0.00000000	f	\N	\N	f
LG080051	BATIBOX CL.SECH 1POSTE P.50MM	3.50000000	empty.png	0	0.00000000	f	\N	\N	f
LG080052	BATIBOX CL.SECH 2POSTES P.50MM	14.00000000	empty.png	0	0.00000000	f	\N	\N	f
LG080053	BATIBOX CL.SECH 3POSTES P.50MM	18.00000000	empty.png	0	0.00000000	f	\N	\N	f
LG080054	BATIBOX CL.SECH 4POSTES P.50MM	21.00000000	empty.png	0	0.00000000	f	\N	\N	f
LG080066	SCIE A GUICHET BOITES BATIBOX	248.00000000	empty.png	0	0.00000000	f	\N	\N	f
LG080077	GABARIT POSE BATIBOX CL.SECH.	36.00000000	empty.png	0	0.00000000	f	\N	\N	f
LG080084	ECOBAT 1GD85MM DERIVATION 40M	19.00000000	empty.png	0	0.00000000	f	\N	\N	f
LG080086	ECOBAT 1PD85MM 40MM	25.00000000	empty.png	0	0.00000000	f	\N	\N	f
LG080115	DISTRIBOX MULTIMAT P40MM X100	281.00000000	empty.png	0	0.00000000	f	\N	\N	f
LG080117	DISTRIBOX MACONNERIE P40MM	198.50000000	empty.png	0	0.00000000	f	\N	\N	f
LG086078	DOUBLE PRISE 2P+T PRECABLEE	65.00000000	empty.png	0	0.00000000	f	\N	\N	f
LG084901	GRIFFE  LONGUE	7.00000000	empty.png	0	0.00000000	f	\N	\N	f
LG080257	SUPP.BATIBOX 4M VERT.LUMINEUX	142.00000000	empty.png	0	0.00000000	f	\N	\N	f
LG080268	SUPPORT BATIBOX 2X10 MODULES	27.50000000	empty.png	0	0.00000000	f	\N	\N	f
LG086007	VA/VIENT + POUSSOIR	53.50000000	empty.png	0	0.00000000	f	\N	\N	f
LG086039	PRISE HAUT PARLEUR SAILLIE	47.00000000	empty.png	0	0.00000000	f	\N	\N	f
LG086062	INTER TEMPORISE VOYANT SAILLIE	138.00000000	empty.png	0	0.00000000	f	\N	\N	f
LG080258	SUPP.BATIBOX 4M HOR.LUMINEUX	143.50000000	empty.png	0	0.00000000	f	\N	\N	f
LG080259	SUPPORT BATIBOX 3 MODULES	20.00000000	empty.png	0	0.00000000	f	\N	\N	f
LG080260	SUPP.BATIBOX 2M LUMIN.S/PLAQUE	64.00000000	empty.png	0	0.00000000	f	\N	\N	f
LG080261	SUPP.BATIBOX 1 POSTE GRIFFES	9.00000000	empty.png	0	0.00000000	f	\N	\N	f
LG080262	SUPP.BATIBOX 2M TEMOIN S/PLAQU	73.50000000	empty.png	0	0.00000000	f	\N	\N	f
LG080269	SUPP.BATIBOX 1P GRIFFES LONG.	10.50000000	empty.png	0	0.00000000	f	\N	\N	f
LG080297	REHAUSSE SUPPORT BATIBOX .71MM	4.50000000	empty.png	0	0.00000000	f	\N	\N	f
LG080298	REHAUSSE SUPPORT BATIBOX .57MM	4.50000000	empty.png	0	0.00000000	f	\N	\N	f
LG081073	JUPITER PLAQ.OBTURATION	21.00000000	empty.png	0	0.00000000	f	\N	\N	f
LG081074	PLAQUE OBTURATION JUPITER2POST	27.50000000	empty.png	0	0.00000000	f	\N	\N	f
LG086003	INTER BIPOLAIRE 10A SAILLIE	42.00000000	empty.png	0	0.00000000	f	\N	\N	f
LG086004	PERMUTATEUR 10A SAILLIE	57.50000000	empty.png	0	0.00000000	f	\N	\N	f
LG086009	POUSSOIR PORTE ETIQUETTE SAILL	44.50000000	empty.png	0	0.00000000	f	\N	\N	f
LG086014	VA/VIENT TEMOIN S/NEUTRE SAILL	131.00000000	empty.png	0	0.00000000	f	\N	\N	f
LG086016	VA/VIENT COMMANDE VMC SAILLIE	30.50000000	empty.png	0	0.00000000	f	\N	\N	f
LG086019	VA/VIENT A TIRAGE SAILLIE	84.00000000	empty.png	0	0.00000000	f	\N	\N	f
LG086021	DOUBLE POUSSOIR 6A SAILLIE	56.00000000	empty.png	0	0.00000000	f	\N	\N	f
LG086049	VOYANT DE SIGNALISATION SAILLI	46.00000000	empty.png	0	0.00000000	f	\N	\N	f
LG086053	PRISE SAT "F" SIMPLE	41.00000000	empty.png	0	0.00000000	f	\N	\N	f
LG086065	VA/VIENT+PRISE 2P+T SAILLIE	74.00000000	empty.png	0	0.00000000	f	\N	\N	f
LG086084	VA ET VIENT ETROIT SAILLIE	35.00000000	empty.png	0	0.00000000	f	\N	\N	f
LG086085	POUSSOIR 6A ETROIT	40.00000000	empty.png	0	0.00000000	f	\N	\N	f
LG086087	V/V LUMINEUX ETROIT	45.50000000	empty.png	0	0.00000000	f	\N	\N	f
LG086088	POUSSOIR LUMINEUX ETROIT	45.00000000	empty.png	0	0.00000000	f	\N	\N	f
RABALUX003713	LARETTA BRONZE (PLAFONNIER)	19.99000000	RABALUX003713.jpg	647702	161.00000000	f	FAR00010	SFAR00042	t
RABALUX005103	UFO BLACK OPAL (PLAFONNIER)	19.99000000	RABALUX005103.jpg	647700	14.00000000	f	FAR00010	SFAR00042	t
RABALUX005407	FA UFO BROWN (MURAL)	19.99000000	RABALUX005407.jpg	647174	426.00000000	f	FAR00010	SFAR00042	t
LG664749	SORTIE CABLE IP44 BLANC	25.00000000	empty.png	0	0.00000000	f	\N	\N	f
LG664128	2P+T BV ECLIPS GRIF.CPLT PUR	17.00000000	empty.png	0	0.00000000	f	\N	\N	f
LG086090	CADRE 1 POSTE ETROIT SAILLIE	12.50000000	empty.png	0	0.00000000	f	\N	\N	f
LG086091	CADRE 1 POSTE COMP. SAILLIE	6.50000000	empty.png	0	0.00000000	f	\N	\N	f
LG086092	CADRE 2 POSTES COMP. SAILLIE	14.00000000	empty.png	0	0.00000000	f	\N	\N	f
LG086093	CADRE 3 POSTES COMP. SAILLIE	23.50000000	empty.png	0	0.00000000	f	\N	\N	f
LG086101	VA ET VIENT 10A COMPOSABL.SAIL	7.50000000	empty.png	0	0.00000000	f	\N	\N	f
LG086104	PERMUTATEUR 10A COMPOSABL.SAIL	54.00000000	empty.png	0	0.00000000	f	\N	\N	f
LG086105	POUSS.LUMIN.TEMOIN COMPOS.SAIL	30.00000000	empty.png	0	0.00000000	f	\N	\N	f
LG086106	POUSSOIR 10A COMPOSABLE SAILLI	25.50000000	empty.png	0	0.00000000	f	\N	\N	f
LG086107	VA/VIENT + POUSSOIR	46.00000000	empty.png	0	0.00000000	f	\N	\N	f
LG086109	POUSS.PORTE ETIQ.COMPOS.SAILLI	46.00000000	empty.png	0	0.00000000	f	\N	\N	f
LG086110	DBLE POUSS.VOLET ROULANT SAILL	74.00000000	empty.png	0	0.00000000	f	\N	\N	f
LG086113	DBLE VA/VIENT VOLET ROUL.SAILL	84.00000000	empty.png	0	0.00000000	f	\N	\N	f
LG086116	VA/VIENT CDE VMC COMPOS.SAILLI	25.00000000	empty.png	0	0.00000000	f	\N	\N	f
LG086117	VA/VT TEMOIN LUMIN.COMPOS.SAIL	44.00000000	empty.png	0	0.00000000	f	\N	\N	f
LG086119	VA/VIENT A TIRAGE COMP.SAILLIE	82.00000000	empty.png	0	0.00000000	f	\N	\N	f
LG086121	DBLE POUSS.COMPOS.SAILLIE	44.00000000	empty.png	0	0.00000000	f	\N	\N	f
LG089569	COUV.POSE REDUCTEUR D.60	5.00000000	empty.png	0	-5.00000000	f	\N	\N	f
LG089377	BOITE PT DE CTR DCL BATIBOX	21.00000000	empty.png	0	0.00000000	f	\N	\N	f
LG089555	GRANDE PIEUVRE/CENTRE BATIBOX	15.00000000	empty.png	0	0.00000000	f	\N	\N	f
LG086122	PRISE 2P (F) COMP. SAILLIE	14.00000000	empty.png	0	0.00000000	f	\N	\N	f
LG086127	PRISE 2P+T COMPOSABLE SAILLIE	6.50000000	empty.png	0	0.00000000	f	\N	\N	f
LG086138	CONJONCTEUR T SAILLIE	38.00000000	empty.png	0	0.00000000	f	\N	\N	f
LG086140	PRISE TV SAILLIE	37.50000000	empty.png	0	0.00000000	f	\N	\N	f
LG086142	PRISE TV/FM SAT 2150MHZ SAILLI	92.50000000	empty.png	0	0.00000000	f	\N	\N	f
LG086145	PRISE TV/FM 860MHZ SAILLIE	83.50000000	empty.png	0	0.00000000	f	\N	\N	f
LG086146	PRISE TV-R-SAT PASS SAILLIE	89.50000000	empty.png	0	0.00000000	f	\N	\N	f
LG086148	PRISE TV-R-SAT TERM SAILLIE	97.00000000	empty.png	0	0.00000000	f	\N	\N	f
LG086149	VOYANT DE SIGNALISATION SAILLI	41.50000000	empty.png	0	0.00000000	f	\N	\N	f
LG086151	PRISE TV/FM TERMIN.860MHZ SAIL	128.50000000	empty.png	0	0.00000000	f	\N	\N	f
LG086153	PRISE SAT 'F'	35.50000000	empty.png	0	0.00000000	f	\N	\N	f
LG086155	PRISE 2P+T A DETROMPAGE	64.50000000	empty.png	0	0.00000000	f	\N	\N	f
LG086157	BOITE DERIVATION COMPOS.SAILLI	14.50000000	empty.png	0	0.00000000	f	\N	\N	f
LG086168	INT.VARIAT.S COMPOS.230V 300W	118.00000000	empty.png	0	0.00000000	f	\N	\N	f
LG086178	DOUBLE PRISE 2P+T PRECABLEE	57.50000000	empty.png	0	0.00000000	f	\N	\N	f
LG086181	DIFFUSEUR VERT SAILLIE	17.50000000	empty.png	0	0.00000000	f	\N	\N	f
LG086182	DIFFUSEUR ORANGE SAILLIE	22.00000000	empty.png	0	0.00000000	f	\N	\N	f
LG086183	DIFFUSEUR ROUGE SAILLIE	17.00000000	empty.png	0	0.00000000	f	\N	\N	f
LG086184	VA ET VIENT ETROIT COMPOSABLE	33.50000000	empty.png	0	0.00000000	f	\N	\N	f
LG086185	POUSSOIR 6A ETROIT COMPOSABLE	48.50000000	empty.png	0	0.00000000	f	\N	\N	f
LG086188	POUSSOIR LUMINEUX ETROIT	56.00000000	empty.png	0	0.00000000	f	\N	\N	f
LG088509	FILIN P/P SECU 25 KG	31.50000000	empty.png	0	0.00000000	f	\N	\N	f
LG089204	BTE BATIBOX DCL APPLIQ MAC P40	17.50000000	empty.png	0	0.00000000	f	\N	\N	f
LG089243	SYST.DE SUSPENSION BTE LUMIN.	27.00000000	empty.png	0	0.00000000	f	\N	\N	f
LG089246	BOITE MACONNERIE APPLIQUE D.40	13.50000000	empty.png	0	0.00000000	f	\N	\N	f
LG089256	BOITE MACONN.CENTRE D.65 PR.50	17.00000000	empty.png	0	0.00000000	f	\N	\N	f
LG089272	BOITE MACON.DERIV.115X115 P.40	12.00000000	empty.png	0	0.00000000	f	\N	\N	f
LG089277	BOITE DERIVATION 164X347X70	52.50000000	empty.png	0	0.00000000	f	\N	\N	f
LG089278	BOITE DERIVATION 234X380X70	73.50000000	empty.png	0	0.00000000	f	\N	\N	f
LG089279	BOITE MACONNERIE 2X3 MODULES	11.00000000	empty.png	0	0.00000000	f	\N	\N	f
LG089281	BTE MACON.COUV.80X80 1P	5.50000000	empty.png	0	0.00000000	f	\N	\N	f
LG089285	BTE MACON.COUV.100X100 CARRE	9.50000000	empty.png	0	0.00000000	f	\N	\N	f
LG089305	BTE BATIBOX DCL APPLIQ CLS P50	21.00000000	empty.png	0	0.00000000	f	\N	\N	f
LG089311	ENERGY PAVILLON 200X200X80	92.00000000	empty.png	0	0.00000000	f	\N	\N	f
LG089346	BTE CLOIS.SECHE APPLIQUE D.40	11.50000000	empty.png	0	0.00000000	f	\N	\N	f
LG089348	BTE CLOIS.SECHE D.85 PROF.40	17.50000000	empty.png	0	0.00000000	f	\N	\N	f
LG089349	BATIK SCIE CLOCHE D.40MM	163.50000000	empty.png	0	0.00000000	f	\N	\N	f
LG089350	SCIE CLOCHE D.54 APPLIQUE	234.50000000	empty.png	0	0.00000000	f	\N	\N	f
LG089360	KIT PT CENTRE DCL CLOIS.SECHES	38.00000000	empty.png	0	0.00000000	f	\N	\N	f
LG089368	BATIK SCIE CLOCHE D.85MM	239.00000000	empty.png	0	0.00000000	f	\N	\N	f
LG089369	BATIK SCIE CLOCHE D.127MM	761.50000000	empty.png	0	0.00000000	f	\N	\N	f
RABALUX003712	LARETTA BRONZE CLIP (MURAL)	14.99000000	RABALUX003712.jpg	647178	240.00000000	f	FAR00010	SFAR00042	t
RABALUX006930	STACY 5 - 5XMAX 40W (PLAFONNIER)	105.00000000	RABALUX006930.jpg	647706	60.00000000	f	FAR00010	SFAR00042	t
RABALUX007640	ETRUSCO LUSTRE BRONZE (LUSTRE)	59.99000000	RABALUX007640.jpg	647708	51.00000000	f	FAR00010	SFAR00042	t
RABALUX007648	ETRUSCO BRONZE (PLAFONNIER)	24.99000000	RABALUX007648.jpg	647703	144.00000000	f	FAR00010	SFAR00042	t
LG089567	COUVERCL.POSE REDUCT.BATIBOX	5.00000000	empty.png	0	0.00000000	f	\N	\N	f
LG089371	BTE CL.SECHE DERIV.D.85X40	28.50000000	empty.png	0	0.00000000	f	\N	\N	f
LG089373	BTE CLOIS.SEC.DERIV.160X105X40	31.50000000	empty.png	0	0.00000000	f	\N	\N	f
LG089378	BATIK BOITE 1P 40MM MIXTE	27.50000000	empty.png	0	0.00000000	f	\N	\N	f
LG089379	BLOITE CLOISON SECHE 2X3 MOD.	21.00000000	empty.png	0	0.00000000	f	\N	\N	f
LG089504	COUVERCLE DCL IP44 APPLIQ	7.00000000	empty.png	0	0.00000000	f	\N	\N	f
LG089528	MANCHON PROL.P/CLOIS DOUBLAGE	18.00000000	empty.png	0	0.00000000	f	\N	\N	f
LG089536	BTE BETON DERIV.303X195X92	61.00000000	empty.png	0	0.00000000	f	\N	\N	f
LG089537	BTE BETON COUV.BLANC 305X200	43.50000000	empty.png	0	0.00000000	f	\N	\N	f
LG089538	BTE BETON GABARIT DERIVATION	73.00000000	empty.png	0	0.00000000	f	\N	\N	f
LG089543	BTE BETON DERIV.COUV.40X156	4.50000000	empty.png	0	0.00000000	f	\N	\N	f
LG089544	GRILLE 400X54 POUR BTE DERIV.	8.50000000	empty.png	0	0.00000000	f	\N	\N	f
LG089570	COUVERCLE POSE D.100	4.00000000	empty.png	0	0.00000000	f	\N	\N	f
LG089576	CROCHET BATIBOX RILSAN L.150MM	5.50000000	empty.png	0	0.00000000	f	\N	\N	f
LG100020	BOX DOOXIE ONE SIMPLE	1687.00000000	empty.png	0	0.00000000	f	\N	\N	f
LG089584	CROCHET BATIBOX RILSAN 120MM	7.50000000	empty.png	0	0.00000000	f	\N	\N	f
LG089585	CROCHET LUMINAIRE L.135	7.50000000	empty.png	0	0.00000000	f	\N	\N	f
LG089586	CROCHET BATIBOX RILSAN L.160MM	12.50000000	empty.png	0	0.00000000	f	\N	\N	f
LG089590	COUV.PT DE CENTRE DCL BATIBOX	17.50000000	empty.png	0	0.00000000	f	\N	\N	f
LG089748	VIS L=40MM	0.50000000	empty.png	0	0.00000000	f	\N	\N	f
LG089750	PLATINE SOL CARRE ACIER BR BRO	91.50000000	empty.png	0	0.00000000	f	\N	\N	f
LG089751	PLATINE SOL RONDE ACIER BR BRO	91.50000000	empty.png	0	0.00000000	f	\N	\N	f
LG089752	PLATINE SOL RECT. ACIER BR BRO	135.00000000	empty.png	0	0.00000000	f	\N	\N	f
LG089760	2P+T FB SOL CARRE INOX BROSSE	102.50000000	empty.png	0	0.00000000	f	\N	\N	f
LG089761	RJ45 SOL CARRE INOX BROSSE	124.00000000	empty.png	0	0.00000000	f	\N	\N	f
LG089768	DBLE 2P+T FB SOL RECT INOX BRO	185.00000000	empty.png	0	0.00000000	f	\N	\N	f
LG089771	RJ45 SOL RONDE INOX BROSSE	124.00000000	empty.png	0	0.00000000	f	\N	\N	f
LG089800	LAMPE E10 12V 3W APPAR.SAILLIE	16.50000000	empty.png	0	0.00000000	f	\N	\N	f
LG089801	LAMPE E10 24V 3W	13.50000000	empty.png	0	0.00000000	f	\N	\N	f
LG089803	LAMP E10 230V 3W	27.50000000	empty.png	0	0.00000000	f	\N	\N	f
LG089804	LAMPE E10 230V 3W APPAR.SAILLI	19.50000000	empty.png	0	0.00000000	f	\N	\N	f
LG089805	CORDON POUR MECANISME A TIRAGE	38.50000000	empty.png	0	0.00000000	f	\N	\N	f
LG089901	LAMPE TEMOIN 12VOLTS	21.50000000	empty.png	0	0.00000000	f	\N	\N	f
LG089906	LAMP 230V AC ORANGE	16.00000000	empty.png	0	0.00000000	f	\N	\N	f
LG091656	PRISE 3P+T 20A PLEXO 55	98.50000000	empty.png	0	0.00000000	f	\N	\N	f
LG100021	BOX DOOXIE ONE DOUBLE	3374.50000000	empty.png	0	0.00000000	f	\N	\N	f
LG100688	CUBE CELIANE LAQUE	534.50000000	empty.png	0	0.00000000	f	\N	\N	f
LG100693	CUBE COMBI PRISE USB BLANC	680.00000000	empty.png	0	0.00000000	f	\N	\N	f
LG100695	CUBE COMBI PRISE USB TITANE	721.00000000	empty.png	0	0.00000000	f	\N	\N	f
LG090336	PRISE 10/16	48.00000000	empty.png	0	0.00000000	f	\N	\N	f
LG090349	SOCLE PLEXO BOITIER PROTECTION	13.50000000	empty.png	0	0.00000000	f	\N	\N	f
LG090359	CADRE SAILLIE PLEXO 10	25.00000000	empty.png	0	0.00000000	f	\N	\N	f
LG090456	PRISE 3P+T 20A PLEXO 66	137.00000000	empty.png	0	0.00000000	f	\N	\N	f
LG090457	PRISE 3P+N+T 20A PLEXO 66	149.00000000	empty.png	0	0.00000000	f	\N	\N	f
LG090460	VA/VIENT A VOYANT 10A COMPLET	89.50000000	empty.png	0	0.00000000	f	\N	\N	f
LG090462	POUSSOIR A VOYANT 6A COMPLET	106.50000000	empty.png	0	0.00000000	f	\N	\N	f
LG090464	INTER BIPOLAIRE 10A COMPLET	120.50000000	empty.png	0	0.00000000	f	\N	\N	f
LG090465	PRISE 2P+T 16A FB EFE COMPLET	141.50000000	empty.png	0	0.00000000	f	\N	\N	f
LG090466	PRISE 2P+T 16A FB COMPLET	88.00000000	empty.png	0	0.00000000	f	\N	\N	f
LG090480	VA/VIENT A VOYANT 10A	52.50000000	empty.png	0	0.00000000	f	\N	\N	f
LG090484	INTER BIPOLAIRE 10A	85.00000000	empty.png	0	0.00000000	f	\N	\N	f
LG090485	PRISE 2P+T 16A FB FICHE ENGAGE	104.50000000	empty.png	0	0.00000000	f	\N	\N	f
LG090486	PRISE 2P+T 16A FB COMPOSABLE	49.50000000	empty.png	0	0.00000000	f	\N	\N	f
LG090490	ADAPTATEUR MOSAIC COMPOSABLE	69.50000000	empty.png	0	0.00000000	f	\N	\N	f
LG090491	BOITIER 1 POSTE COMPOSABLE	44.50000000	empty.png	0	0.00000000	f	\N	\N	f
LG090492	BOITIER 2P VERT.COMPOSABLE	81.50000000	empty.png	0	0.00000000	f	\N	\N	f
LG090493	BOITIER 2P HOR.COMPOSABLE	79.00000000	empty.png	0	0.00000000	f	\N	\N	f
LG600007	INTER VMC BLANC	22.50000000	empty.png	0	0.00000000	f	\N	\N	f
LG600009	VV TEMOINS BLANC	28.00000000	empty.png	0	0.00000000	f	\N	\N	f
LG100696	CUBE COMBI PRISE USB GRAPHITE	721.00000000	empty.png	0	0.00000000	f	\N	\N	f
LG100698	CUBE PRINTEMPS TITANE	721.00000000	empty.png	0	0.00000000	f	\N	\N	f
LG100699	CUBE PRINTEMPS GRAPHITE	721.00000000	empty.png	0	0.00000000	f	\N	\N	f
LG572201	INTER VOL.R 1M CENTER RETR BL	46.00000000	empty.png	0	0.00000000	f	\N	\N	f
LG572202	INTER V.ROUL 1M CENTER OFF BL	39.00000000	empty.png	0	0.00000000	f	\N	\N	f
LG572203	THERM AMBIANCE ELECTRONIQ C BL	361.00000000	empty.png	0	0.00000000	f	\N	\N	f
LG572215	CDE VMC INDE C BL	78.00000000	empty.png	0	0.00000000	f	\N	\N	f
LG572217	CDE VITESS VENTILA 4POSIT C BL	78.00000000	empty.png	0	0.00000000	f	\N	\N	f
LG572218	ROTARY SPEED CONTR FOR FAN WH	205.00000000	empty.png	0	0.00000000	f	\N	\N	f
RABALUX002778	ALETTA 1X40W (MURAL)	34.99000000	RABALUX002778.jpg	647704	142.00000000	f	FAR00010	SFAR00042	t
RABALUX005163	UFO BLACK OPAL (MURAL)	14.99000000	RABALUX005163.jpg	647184	179.00000000	f	FAR00010	SFAR00042	t
LG572701	INT.V/R 1M CENTER RETR MAGNES	53.00000000	empty.png	0	0.00000000	f	\N	\N	f
LG572702	INT.V/R 1M CENTER OFF MAGNESIU	45.50000000	empty.png	0	0.00000000	f	\N	\N	f
LG572703	THERM AMBIANC ELECTR.C MAGNES	358.50000000	empty.png	0	0.00000000	f	\N	\N	f
LG572715	CDE VMC INDE C MAGNESIUM	78.00000000	empty.png	0	0.00000000	f	\N	\N	f
LG572717	CDE VITESS VENTIL.4POS.C MAGN	78.00000000	empty.png	0	0.00000000	f	\N	\N	f
LG572718	ROTARY SPEED CONTR FOR FAN MG	205.00000000	empty.png	0	0.00000000	f	\N	\N	f
LG572763	THERM RSA TYP MICROL. C MAGNES	514.50000000	empty.png	0	0.00000000	f	\N	\N	f
LG600048	GRIFFE LONGUES PROF 60	2.00000000	empty.png	0	0.00000000	f	\N	\N	f
LG600348	CHARG SANS FIL 2M V 1A +1USB A	182.00000000	empty.png	0	0.00000000	f	\N	\N	f
LG600017	POUSSOIR LUM  SYM CADENAS BL	41.00000000	empty.png	0	0.00000000	f	\N	\N	f
LG600033	INTER A BADGE BLANC	146.00000000	empty.png	0	0.00000000	f	\N	\N	f
LG600381	PRISE HT PARLEUR SIMPLE BLANC	19.00000000	empty.png	0	0.00000000	f	\N	\N	f
LG600349	CHARG 2USB A+C 3A 15 W BLANC	76.00000000	empty.png	0	0.00000000	f	\N	\N	f
LG600350	TV TYPE F BLINDEE BLANC	27.00000000	empty.png	0	0.00000000	f	\N	\N	f
LG600357	PRISE RESEAU CABLE BLANC	81.00000000	empty.png	0	0.00000000	f	\N	\N	f
LG600382	PRISE HT PARLEUR DOUBLE BLANC	29.00000000	empty.png	0	0.00000000	f	\N	\N	f
LG600385	PRISE HDMI PRECONNECTEE BLANC	112.00000000	empty.png	0	0.00000000	f	\N	\N	f
LG600420	2P+T A VOYANT ALU	28.50000000	empty.png	0	0.00000000	f	\N	\N	f
LG600428	2P+T FAIBLE ECOMBREMENT ALU	15.50000000	empty.png	0	0.00000000	f	\N	\N	f
LG600432	2X2P+T PRECABLEES ALU	39.50000000	empty.png	0	0.00000000	f	\N	\N	f
LG600433	3X2P+T PRECABLEES ALU	54.50000000	empty.png	0	0.00000000	f	\N	\N	f
LG600434	PRISE 2P ALU	15.50000000	empty.png	0	0.00000000	f	\N	\N	f
LG600435	2P+T SURFACE ALU	15.50000000	empty.png	0	0.00000000	f	\N	\N	f
LG600437	2P+T A PUITS ALU	15.50000000	empty.png	0	0.00000000	f	\N	\N	f
LG600442	2P+T CHARGEUR USB 2POSTES ALU	108.50000000	empty.png	0	0.00000000	f	\N	\N	f
LG600443	CHARG 2USB A+A 2.4A 12W ALU	80.50000000	empty.png	0	0.00000000	f	\N	\N	f
LG600013	VV IP44 BLANC	28.50000000	empty.png	0	0.00000000	f	\N	\N	f
LG600014	POUSSOIR LUM IP44 BLANC	45.50000000	empty.png	0	0.00000000	f	\N	\N	f
LG600018	POUSSOIR LUM  SYM SONN BLANC	41.00000000	empty.png	0	0.00000000	f	\N	\N	f
LG600037	PERMUTATEUR BLANC	56.50000000	empty.png	0	0.00000000	f	\N	\N	f
LG600043	LAMPE LED  FCT LUM 230V NA	17.00000000	empty.png	0	0.00000000	f	\N	\N	f
LG600044	OBTURATEUR BLANC	10.00000000	empty.png	0	0.00000000	f	\N	\N	f
LG600045	CHAUSSETTE PERMEABILITE	4.50000000	empty.png	0	0.00000000	f	\N	\N	f
LG600061	ECODETECTEUR MINUTERIE BLANC	167.50000000	empty.png	0	0.00000000	f	\N	\N	f
LG600064	ECODETECTEUR 2FILS BLANC	180.50000000	empty.png	0	0.00000000	f	\N	\N	f
LG600101	INTER OU VV ALU	16.00000000	empty.png	0	0.00000000	f	\N	\N	f
LG600102	DOUBLE VV ALU	33.00000000	empty.png	0	0.00000000	f	\N	\N	f
LG600104	POUSSOIR ALU	22.00000000	empty.png	0	0.00000000	f	\N	\N	f
LG600106	POUSSOIR VMC ALU	27.50000000	empty.png	0	0.00000000	f	\N	\N	f
LG600107	INTER VMC ALU	27.50000000	empty.png	0	0.00000000	f	\N	\N	f
LG600108	DOUBLE POUSSOIR ALU	43.50000000	empty.png	0	0.00000000	f	\N	\N	f
LG600109	VV TEMOINS ALU	32.50000000	empty.png	0	0.00000000	f	\N	\N	f
LG600111	VV LUMINEUX ALU	32.50000000	empty.png	0	0.00000000	f	\N	\N	f
LG600116	POUSSOIR LUMINEUX ALU	38.00000000	empty.png	0	0.00000000	f	\N	\N	f
LG600118	POUSSOIR LUM  SYM SONN ALU	45.50000000	empty.png	0	0.00000000	f	\N	\N	f
LG600121	INTER VOLET ROULANT ALU	55.50000000	empty.png	0	0.00000000	f	\N	\N	f
LG600131	TRANSFORMEUR SIMPLE ALU	27.50000000	empty.png	0	0.00000000	f	\N	\N	f
LG600133	INTER A BADGE ALU	151.00000000	empty.png	0	0.00000000	f	\N	\N	f
LG600141	CADRE SAILLIE 1 POSTE ALU	18.50000000	empty.png	0	0.00000000	f	\N	\N	f
LG600142	CADRE SAILLIE 2 POSTES ALU	23.00000000	empty.png	0	0.00000000	f	\N	\N	f
LG600143	24V LAMP FOR LUMINOUS APP.	22.50000000	empty.png	0	0.00000000	f	\N	\N	f
LG600144	OBTURATEUR ALU	14.50000000	empty.png	0	0.00000000	f	\N	\N	f
LG600160	ECOVARIATEUR ALU	187.50000000	empty.png	0	0.00000000	f	\N	\N	f
LG600161	ECODETECTEUR MINUTERIE ALU	172.00000000	empty.png	0	0.00000000	f	\N	\N	f
LG600164	ECODETECTEUR 2FILS ALU	185.50000000	empty.png	0	0.00000000	f	\N	\N	f
LG600243	LAMPE LED FCT TEMOIN 230V NA	17.00000000	empty.png	0	0.00000000	f	\N	\N	f
LG600320	2P+T A VOYANT BLANC	23.50000000	empty.png	0	0.00000000	f	\N	\N	f
LG600328	2P+T FAIBLE ECOMBREMENT BLANC	10.50000000	empty.png	0	0.00000000	f	\N	\N	f
LG600332	2X2P+T PRECABLEES BLANC	29.50000000	empty.png	0	0.00000000	f	\N	\N	f
LG600333	3X2P+T PRECABLEES BLANC	40.00000000	empty.png	0	0.00000000	f	\N	\N	f
LG600342	2P+T CHARGEUR USB 2POSTE BLANC	99.50000000	empty.png	0	0.00000000	f	\N	\N	f
LG600343	CHARG 2USB A+A 2.4A 12W BL	76.00000000	empty.png	0	0.00000000	f	\N	\N	f
LG600445	CHARG 2USB C+C 3A 15 W ALU	80.50000000	empty.png	0	0.00000000	f	\N	\N	f
LG600449	CHARG 2USB A+C 3A 15 W ALU	80.50000000	empty.png	0	0.00000000	f	\N	\N	f
LG600450	TV TYPE F BLINDEE ALU	32.00000000	empty.png	0	0.00000000	f	\N	\N	f
LG600452	TV ET RJ45 CAT6 STP ALU	67.00000000	empty.png	0	0.00000000	f	\N	\N	f
LG600453	TV R SAT ETOILE BLINDEE ALU	72.50000000	empty.png	0	0.00000000	f	\N	\N	f
LG600454	TV R ETOILE BLINDEE ALU	61.00000000	empty.png	0	0.00000000	f	\N	\N	f
LG600456	TV SAT ETOILE BLINDEE ALU	61.00000000	empty.png	0	0.00000000	f	\N	\N	f
LG600457	PRISE RESEAU CABLE ALU	86.00000000	empty.png	0	0.00000000	f	\N	\N	f
LG600458	TV SAT ET RJ45 CAT6 STP ALU	104.00000000	empty.png	0	0.00000000	f	\N	\N	f
LG600468	PRISE TELEPHONE EN T ALU	35.50000000	empty.png	0	0.00000000	f	\N	\N	f
LG600481	PRISE HT PARLEUR SIMPLE ALU	23.50000000	empty.png	0	0.00000000	f	\N	\N	f
LG600482	PRISE HT PARLEUR DOUBLE ALU	33.50000000	empty.png	0	0.00000000	f	\N	\N	f
LG600485	PRISE HDMI PRECONNECTEE ALU	117.00000000	empty.png	0	0.00000000	f	\N	\N	f
LG600601	LOT 50 VV BLANC	563.00000000	empty.png	0	0.00000000	f	\N	\N	f
LG600701	VV ONE BLANC	15.50000000	empty.png	0	0.00000000	f	\N	\N	f
LG600705	POUSSOIR ONE BLANC	22.00000000	empty.png	0	0.00000000	f	\N	\N	f
LG600716	POUSSOIR LUMINEUX ONE BLANC	37.50000000	empty.png	0	0.00000000	f	\N	\N	f
LG600721	PRISE 2X2P+T 1POSTE ONE BLANC	47.00000000	empty.png	0	0.00000000	f	\N	\N	f
LG600728	2P+T FAIBLE ECOMBREM ONE BLANC	15.00000000	empty.png	0	0.00000000	f	\N	\N	f
LG600730	TRANSFORMEUR DBL LUM BLANC	51.00000000	empty.png	0	0.00000000	f	\N	\N	f
LG600731	TRANSFORMEUR SIMPLE BLANC	27.50000000	empty.png	0	0.00000000	f	\N	\N	f
LG600734	PRISE 2P ONE BLANC	15.00000000	empty.png	0	0.00000000	f	\N	\N	f
LG600735	2P+T SURFACE ONE BLANC	15.00000000	empty.png	0	0.00000000	f	\N	\N	f
LG600753	TV R SAT ETOIL BLIND ONE BLANC	73.50000000	empty.png	0	0.00000000	f	\N	\N	f
LG600811	PLAQUE 1P DUNE	4.00000000	empty.png	0	0.00000000	f	\N	\N	f
LG600812	PLAQUE 2P DUNE	8.00000000	empty.png	0	0.00000000	f	\N	\N	f
LG600813	PLAQUE 3P DUNE	12.00000000	empty.png	0	0.00000000	f	\N	\N	f
LG600814	PLAQUE 4P DUNE	16.00000000	empty.png	0	0.00000000	f	\N	\N	f
LG600821	PLAQUE 1P PLUME	4.00000000	empty.png	0	0.00000000	f	\N	\N	f
LG600822	PLAQUE 2P PLUME	8.00000000	empty.png	0	0.00000000	f	\N	\N	f
LG600824	PLAQUE 4P PLUME	16.00000000	empty.png	0	0.00000000	f	\N	\N	f
LG600842	PLAQUE 2P BLANC CHROME	16.50000000	empty.png	0	0.00000000	f	\N	\N	f
LG600843	PLAQUE 3P BLANC CHROME	25.00000000	empty.png	0	0.00000000	f	\N	\N	f
LG600853	PLAQUE 3P ALUMINIUM	25.00000000	empty.png	0	0.00000000	f	\N	\N	f
LG600854	PLAQUE 4P ALUMINIUM	33.00000000	empty.png	0	0.00000000	f	\N	\N	f
LG600861	PLAQUE 1P NOIR VELOUR	8.50000000	empty.png	0	0.00000000	f	\N	\N	f
LG600862	PLAQUE 2P NOIR VELOUR	16.50000000	empty.png	0	0.00000000	f	\N	\N	f
LG600863	PLAQUE 3P NOIR VELOUR	25.00000000	empty.png	0	0.00000000	f	\N	\N	f
LG600864	PLAQUE 4P NOIR VELOUR	33.00000000	empty.png	0	0.00000000	f	\N	\N	f
LG600871	PLAQUE 1P STYLE INOX BROSSE	12.50000000	empty.png	0	0.00000000	f	\N	\N	f
LG600873	PLAQUE 3P STYLE INOX BROSSE	36.50000000	empty.png	0	0.00000000	f	\N	\N	f
LG600881	PLAQUE 1P STYLE BOIS EBENE	12.50000000	empty.png	0	0.00000000	f	\N	\N	f
LG600883	PLAQUE 3P STYLE BOIS EBENE	36.50000000	empty.png	0	0.00000000	f	\N	\N	f
LG600941	PLAQUE 1P BLANC X100	367.00000000	empty.png	0	0.00000000	f	\N	\N	f
LG600942	PLAQUE 1P BL P. ETIQUETTE	10.50000000	empty.png	0	0.00000000	f	\N	\N	f
LG600943	PLAQUE 1P IP44 BLANC	17.00000000	empty.png	0	0.00000000	f	\N	\N	f
LG600944	PLAQUE 1P A VOLET  IP44 IK07	23.50000000	empty.png	0	0.00000000	f	\N	\N	f
LG600970	PLAQUE 1P DECO DUNE	4.00000000	empty.png	0	0.00000000	f	\N	\N	f
LG600971	PLAQUE 1P DECO PLUME	4.00000000	empty.png	0	0.00000000	f	\N	\N	f
LG600975	PLAQUE 1P DECO ALUMINIUM	8.50000000	empty.png	0	0.00000000	f	\N	\N	f
LG600976	DOOXIE PLAQUE 1P NOIR VELOUR	8.50000000	empty.png	0	0.00000000	f	\N	\N	f
LG600978	PLAQUE 1P DECO STYLE INOX	12.50000000	empty.png	0	0.00000000	f	\N	\N	f
LG600979	PLAQUE 1P DECO STYLE BOIS	12.50000000	empty.png	0	0.00000000	f	\N	\N	f
LG64001	VV 10A ESPACE EVOLUTION BLANC	13.50000000	empty.png	0	0.00000000	f	\N	\N	f
LG64002	VV 10A DOUBLE ESP.EVOLUT BLANC	35.50000000	empty.png	0	0.00000000	f	\N	\N	f
LG64003	VV TEMOIN 2 FILS ESP.EV BL	108.00000000	empty.png	0	0.00000000	f	\N	\N	f
LG64004	INT TEMP 300W 2 FILS ESP.EV BL	173.50000000	empty.png	0	0.00000000	f	\N	\N	f
LG64005	VV SMART ESPACE EVO BLANC	66.00000000	empty.png	0	0.00000000	f	\N	\N	f
LG64008	PERMUTATEUR  ESPACE EVOL BLANC	53.00000000	empty.png	0	0.00000000	f	\N	\N	f
LG64010	POUSSOIR 6A ESP.EVOLUT BLANC	24.00000000	empty.png	0	0.00000000	f	\N	\N	f
LG64012	POUSSOIR DOUBLE 6A ESP.EVOL BL	57.00000000	empty.png	0	0.00000000	f	\N	\N	f
LG64014	POUSSOIR 6A+VV 10A ESP.EVOL BL	48.50000000	empty.png	0	0.00000000	f	\N	\N	f
LG64022	COMMANDE VMC BP BLANC	26.50000000	empty.png	0	0.00000000	f	\N	\N	f
LG64023	CDE VMC SS ARRET ESP.EVOL BLC	26.50000000	empty.png	0	0.00000000	f	\N	\N	f
LG64024	PRISE 2XRJ45 CAT6FTP ESP.EV BL	66.00000000	empty.png	0	0.00000000	f	\N	\N	f
LG64025	PRISE RJ45 CAT6 FTP ESP.EV BL	28.00000000	empty.png	0	0.00000000	f	\N	\N	f
LG64026	PRISE RJ45 CAT6STP G3 ESP.E BL	56.00000000	empty.png	0	0.00000000	f	\N	\N	f
LG64028	PRISE RJ45 CAT6A STP 10G EE BL	56.00000000	empty.png	0	0.00000000	f	\N	\N	f
LG64030	PC 2P 10/16A BV ESP.EVOL BL	16.50000000	empty.png	0	0.00000000	f	\N	\N	f
LG64032	PC 2X2P+T BA 16A PREC.ESP.E BL	26.50000000	empty.png	0	0.00000000	f	\N	\N	f
LG64033	PC 3X2P+T BA 16A PREC.ESP.E BL	41.50000000	empty.png	0	0.00000000	f	\N	\N	f
LG64034	PC 2P+T AFFL 16A BA ESP.EV BL	20.50000000	empty.png	0	0.00000000	f	\N	\N	f
LG64035	PC 2P+T 16A DETROM BV ESP.E BL	32.00000000	empty.png	0	0.00000000	f	\N	\N	f
LG64037	CHARG DOCK 2.4A 12W BLANC	76.50000000	empty.png	0	0.00000000	f	\N	\N	f
LG64039	PRISE RASOIR ESP.EVOLUT BLANC	170.50000000	empty.png	0	0.00000000	f	\N	\N	f
LG64040	PRISE TELEPHONE ESP.EVOL BLC	35.50000000	empty.png	0	0.00000000	f	\N	\N	f
LG64041	PC 2P+T BV 16A ESP.EVOL BLC	13.00000000	empty.png	0	0.00000000	f	\N	\N	f
LG64047	PRISE HAUT PARLEURS SIMPLE BL	25.50000000	empty.png	0	0.00000000	f	\N	\N	f
LG64048	PRISE HP BA DOUBLE ESP.EVOL BL	32.00000000	empty.png	0	0.00000000	f	\N	\N	f
LG64052	PRISE RCAX2 PRE-CONN ESP.EV BL	125.50000000	empty.png	0	0.00000000	f	\N	\N	f
LG64055	PRISE HD15+JACK PREC.ESP.EV BL	114.50000000	empty.png	0	0.00000000	f	\N	\N	f
LG64058	ECO DETECT 2 FILS SS DERO BLC	139.00000000	empty.png	0	0.00000000	f	\N	\N	f
LG64059	ECO DETECT 2 FILS AV DERO BLC	139.00000000	empty.png	0	0.00000000	f	\N	\N	f
LG64062	ECO DETECT BASIQUE 3 FILS BLC	67.50000000	empty.png	0	0.00000000	f	\N	\N	f
LG64063	INT AUTO 2000W 3FILS ESP.EV BL	172.50000000	empty.png	0	0.00000000	f	\N	\N	f
LG64071	PRISE TV SORT. F VIS ESP.EV BL	26.50000000	empty.png	0	0.00000000	f	\N	\N	f
LG64073	PRISE TV/FM BLANC	58.50000000	empty.png	0	0.00000000	f	\N	\N	f
LG64076	PRISE TV/SAT ESP.EVOL BLC	63.00000000	empty.png	0	0.00000000	f	\N	\N	f
LG64079	PRISE TV SIMPLE ESP.EVOL BLC	26.50000000	empty.png	0	0.00000000	f	\N	\N	f
LG64081	PRISE TV DBL CABLOPE. SP.EV BL	75.00000000	empty.png	0	0.00000000	f	\N	\N	f
LG64094	VAR P/BALLASTS 0-10V ESP.EV BL	145.50000000	empty.png	0	0.00000000	f	\N	\N	f
LG64095	VAR UNIV 2 FILS 230V ESP.EV BL	191.50000000	empty.png	0	0.00000000	f	\N	\N	f
LG64096	VAR MULTICHGES. 400W ESP.EV BL	145.50000000	empty.png	0	0.00000000	f	\N	\N	f
LG64099	OBTURATEUR ESPACE EVOLUTION BL	16.00000000	empty.png	0	0.00000000	f	\N	\N	f
LG64101	VV 10A X 50 QTES ESP.EVOL BLC	636.50000000	empty.png	0	0.00000000	f	\N	\N	f
LG64131	PC 2P+T BA 16A X 50 ESP.EV BL	539.50000000	empty.png	0	0.00000000	f	\N	\N	f
LG64202	VV 10A DOUBLE ESP.EVOLUT MGN	44.50000000	empty.png	0	0.00000000	f	\N	\N	f
LG64203	VV TEMOIN 2 FILS ESP.EV MGN	109.00000000	empty.png	0	0.00000000	f	\N	\N	f
LG64205	VV SMART ESPACE EVO MAGNESIUM	71.50000000	empty.png	0	0.00000000	f	\N	\N	f
LG64207	INTERRUPT A BADGE ESP.EV MGN	137.50000000	empty.png	0	0.00000000	f	\N	\N	f
LG64208	INTER EFFLEUREMENT ESP.EVOL	180.50000000	empty.png	0	0.00000000	f	\N	\N	f
LG64209	VV 10A VOYANT ESP.EVOLUT MGN	17.00000000	empty.png	0	0.00000000	f	\N	\N	f
LG64210	POUSSOIR 6A ESP.EVOLUT MAGNES	29.50000000	empty.png	0	0.00000000	f	\N	\N	f
LG64212	POUSSOIR DOUBLE 6A ESP.EVOL MG	71.00000000	empty.png	0	0.00000000	f	\N	\N	f
LG64214	POUSSOIR 6A+VV 10A ESP.EVOL MG	61.00000000	empty.png	0	0.00000000	f	\N	\N	f
LG64219	POUSS 10A A VOYANT ESP EVO MG	29.50000000	empty.png	0	0.00000000	f	\N	\N	f
LG64220	VR INTER CDE MOTEUR ESP.EV MG	70.00000000	empty.png	0	0.00000000	f	\N	\N	f
LG64221	VR POUSS CDE AUTOMAT ESP.EV MG	75.00000000	empty.png	0	0.00000000	f	\N	\N	f
LG64225	PRISE RJ45 CAT6 FTP ESP.EV MG	35.50000000	empty.png	0	0.00000000	f	\N	\N	f
LG64226	PRISE RJ45 CAT6STP G3 ESP.E MG	70.50000000	empty.png	0	0.00000000	f	\N	\N	f
LG64230	PC 2P 10/16A BV ESP.EVOL MG	21.00000000	empty.png	0	0.00000000	f	\N	\N	f
LG64231	PC 2P+T BA 16A ESP.EVOL MGN	14.50000000	empty.png	0	0.00000000	f	\N	\N	f
LG64232	PC 2X2P+T BA 16A PREC.ESP.E MG	33.50000000	empty.png	0	0.00000000	f	\N	\N	f
LG64234	PC 2P+T AFFL 16A BA ESP.EV MG	25.50000000	empty.png	0	0.00000000	f	\N	\N	f
LG64237	CHARG 2USB A+A 2.4A 12W MGN	94.00000000	empty.png	0	0.00000000	f	\N	\N	f
LG64240	PRISE TELEPHONE ESP.EVOL MGN	40.00000000	empty.png	0	0.00000000	f	\N	\N	f
LG64241	PC 2P+T BV 16A ESP.EVOL MGN	16.50000000	empty.png	0	0.00000000	f	\N	\N	f
LG64247	PRISE HP BA SIMPLE ESP.EVOL MG	32.00000000	empty.png	0	0.00000000	f	\N	\N	f
LG64248	PRISE HP BA DOUBLE ESP.EVOL MG	40.00000000	empty.png	0	0.00000000	f	\N	\N	f
LG64251	PRISE HDMI PRE-CON.ESP.EVOL MG	119.00000000	empty.png	0	0.00000000	f	\N	\N	f
LG64252	PRISE RCAX2 PRE-CONN ESP.EV MG	127.50000000	empty.png	0	0.00000000	f	\N	\N	f
LG64258	ECO DETECT 2 FILS SS DERO MAG	139.00000000	empty.png	0	0.00000000	f	\N	\N	f
LG64262	ECO DETECT BASIQUE 3 FILS MAGN	85.00000000	empty.png	0	0.00000000	f	\N	\N	f
LG64263	INT AUTO 2000W 3FILS ESP.EV MG	174.50000000	empty.png	0	0.00000000	f	\N	\N	f
LG64271	PRISE TV SORT. F VIS ESP.EV MG	33.50000000	empty.png	0	0.00000000	f	\N	\N	f
LG64273	PRISE TV/FM MAGNESIUM	58.50000000	empty.png	0	0.00000000	f	\N	\N	f
LG64276	PRISE TV/SAT ESP.EVOL MGN	79.00000000	empty.png	0	0.00000000	f	\N	\N	f
LG64277	PRISE TV/R/SAT ETOI ESP.EV MG	73.50000000	empty.png	0	0.00000000	f	\N	\N	f
LG64279	PRISE TV SIMPLE ESP.EVOL MGN	33.50000000	empty.png	0	0.00000000	f	\N	\N	f
LG64295	VAR UNIV 2 FILS 230V ESP.EV MG	191.50000000	empty.png	0	0.00000000	f	\N	\N	f
LG64296	VAR MULTICHGES. 600W ESP.EV MG	147.50000000	empty.png	0	0.00000000	f	\N	\N	f
LG64015	DETECTEUR BP MINUTERIE BLC	104.00000000	empty.png	0	0.00000000	f	\N	\N	f
LG64020	VR INTER CDE MOTEUR ESP.EV BL	56.50000000	empty.png	0	0.00000000	f	\N	\N	f
LG64401	PLQ 1P ESP.EVOLUTION BLANC	4.50000000	empty.png	0	0.00000000	f	\N	\N	f
LG64402	PLQ 2P ESP.EVOLUTION BLANC	8.50000000	empty.png	0	0.00000000	f	\N	\N	f
LG64403	PLQ 3P ESP.EVOLUTION BLANC	13.00000000	empty.png	0	0.00000000	f	\N	\N	f
LG64404	PLQ 4 P ESPACE EVOLUTION BLANC	17.00000000	empty.png	0	0.00000000	f	\N	\N	f
LG64411	ESPACE EVO PLAQUE SIMP. BLX100	397.00000000	empty.png	0	0.00000000	f	\N	\N	f
LG64421	PLQ 1P ESPACE EVOLUT TURQUOISE	4.50000000	empty.png	0	0.00000000	f	\N	\N	f
LG64422	PLQ 2P ESPACE EVOLUT TURQUOISE	8.50000000	empty.png	0	0.00000000	f	\N	\N	f
LG64423	PLQ 3P ESPACE EVOLUT TURQUOISE	13.00000000	empty.png	0	0.00000000	f	\N	\N	f
LG64431	PLQ 1P ESPACE EVOLUTION CHOCO	4.50000000	empty.png	0	0.00000000	f	\N	\N	f
LG64433	PLQ 3P ESPACE EVOLUTION CHOCO	13.00000000	empty.png	0	0.00000000	f	\N	\N	f
LG64441	PLQ 1P ESPACE EVOLUT POURPRE	4.50000000	empty.png	0	0.00000000	f	\N	\N	f
LG64442	PLQ 2P ESPACE EVOLUT POURPRE	8.50000000	empty.png	0	0.00000000	f	\N	\N	f
LG64443	PLQ 3P ESPACE EVOLUT POURPRE	13.00000000	empty.png	0	0.00000000	f	\N	\N	f
LG64451	PLQ 1P ESPACE EVOLUTION VERT	4.50000000	empty.png	0	0.00000000	f	\N	\N	f
LG64452	PLQ 2P ESPACE EVOLUTION VERT	8.50000000	empty.png	0	0.00000000	f	\N	\N	f
LG64453	PLQ 3P ESPACE EVOLUTION VERT	13.00000000	empty.png	0	0.00000000	f	\N	\N	f
LG64461	PLQ 1P ESPACE EVOLU TERRACOTTA	4.50000000	empty.png	0	0.00000000	f	\N	\N	f
LG64462	PLQ 2P ESPACE EVOLU TERRACOTTA	8.50000000	empty.png	0	0.00000000	f	\N	\N	f
LG65905	BADGE PORTE CLE	41.00000000	empty.png	0	0.00000000	f	\N	\N	f
LG64672	PLQ 2P ESP.EVOLUT. BOIS GROOVE	165.50000000	empty.png	0	0.00000000	f	\N	\N	f
LG64673	PLQ 3P ESP.EVOLUT. BOIS GROOVE	252.00000000	empty.png	0	0.00000000	f	\N	\N	f
LG64681	PLQ 1P ESPACE EVOLUTION ROUGE	65.00000000	empty.png	0	0.00000000	f	\N	\N	f
LG64682	PLQ 2P ESPACE EVOLUTION ROUGE	128.50000000	empty.png	0	0.00000000	f	\N	\N	f
LG64683	PLQ 3P ESPACE EVOLUTION ROUGE	193.50000000	empty.png	0	0.00000000	f	\N	\N	f
LG64692	PLQ 2P ESP.EVOLUT FIBRE ARGENT	165.50000000	empty.png	0	0.00000000	f	\N	\N	f
LG64701	PLQ 1P ESP.EVOLUT. CUIR GRUNGE	85.00000000	empty.png	0	0.00000000	f	\N	\N	f
LG64703	PLQ 3P ESP.EVOLUT. CUIR GRUNGE	252.50000000	empty.png	0	0.00000000	f	\N	\N	f
LG64721	PLQ 1P ESP.EVOLUT BAROQUE	85.00000000	empty.png	0	0.00000000	f	\N	\N	f
LG64722	PLQ 2P ESP.EVOLUT BAROQUE	165.50000000	empty.png	0	0.00000000	f	\N	\N	f
LG64723	PLQ 3P ESP.EVOLUT BAROQUE	250.50000000	empty.png	0	0.00000000	f	\N	\N	f
LG64990	SUPPORT VIS MOD 45X45 ESP.EV	4.50000000	empty.png	0	0.00000000	f	\N	\N	f
LG64991	CADRE SAILLIE 1P ESP.EVOL BLC	14.50000000	empty.png	0	0.00000000	f	\N	\N	f
LG64992	CADRE SAILLIE 2P ESP.EVOL BLC	19.50000000	empty.png	0	0.00000000	f	\N	\N	f
LG64994	LAMPE LUMINEUSE 230V ESP.EVOL	16.50000000	empty.png	0	0.00000000	f	\N	\N	f
LG64995	LAMPE LUMIN 12-24-48V ESP.EVOL	22.50000000	empty.png	0	0.00000000	f	\N	\N	f
LG64996	GRIFFES ESPACE EVOLUTION	1.50000000	empty.png	0	0.00000000	f	\N	\N	f
LG64999	LAMPE TEMOIN 230V ESP.EVOL	16.50000000	empty.png	0	0.00000000	f	\N	\N	f
LG64463	PLQ 3P ESPACE EVOLU TERRACOTTA	13.00000000	empty.png	0	0.00000000	f	\N	\N	f
LG64471	PLQ 1P ESPACE EVOLUTION JAUNE	4.50000000	empty.png	0	0.00000000	f	\N	\N	f
LG64472	PLQ 2P ESPACE EVOLUTION JAUNE	8.50000000	empty.png	0	0.00000000	f	\N	\N	f
LG64473	PLQ 3P ESPACE EVOLUTION JAUNE	13.00000000	empty.png	0	0.00000000	f	\N	\N	f
LG64481	PLQ 1P ESPACE EVOLUTION PETROL	4.50000000	empty.png	0	0.00000000	f	\N	\N	f
LG64482	PLQ 2P ESPACE EVOLUTION PETROL	8.50000000	empty.png	0	0.00000000	f	\N	\N	f
LG64483	PLQ 3P ESPACE EVOLUTION PETROL	13.00000000	empty.png	0	0.00000000	f	\N	\N	f
LG64491	PACK CHANTIER 400 PLAQUES	1667.50000000	empty.png	0	0.00000000	f	\N	\N	f
LG64501	PLQ 1P ESPACE EVOLUTION MAGNES	7.50000000	empty.png	0	0.00000000	f	\N	\N	f
LG64503	PLQ 3P ESPACE EVOLUTION MAGNES	21.50000000	empty.png	0	0.00000000	f	\N	\N	f
LG64511	PLQ 1P ESPACE EVOLUTION ALU	7.50000000	empty.png	0	0.00000000	f	\N	\N	f
LG64512	PLQ 2P ESPACE EVOLUTION ALU	14.50000000	empty.png	0	0.00000000	f	\N	\N	f
LG64513	PLQ 3P ESPACE EVOLUTION ALU	21.50000000	empty.png	0	0.00000000	f	\N	\N	f
LG64521	PLQ 1P ESPACE EVOLUT NOIR MAT	7.50000000	empty.png	0	0.00000000	f	\N	\N	f
LG64522	PLQ 2P ESPACE EVOLUT NOIR MAT	14.50000000	empty.png	0	0.00000000	f	\N	\N	f
LG64523	PLQ 3P ESPACE EVOLUT NOIR MAT	21.50000000	empty.png	0	0.00000000	f	\N	\N	f
LG64531	PLQ 1P ESPACE EVOLUT OR SATINE	7.50000000	empty.png	0	0.00000000	f	\N	\N	f
LG64533	PLQ 3P ESPACE EVOLUT OR SATINE	22.00000000	empty.png	0	0.00000000	f	\N	\N	f
LG64601	PLQ 1P ESP.EVOLUT. MIROIR BLC	64.50000000	empty.png	0	0.00000000	f	\N	\N	f
LG64602	PLQ 2P ESP.EVOLUT. MIROIR BLC	127.00000000	empty.png	0	0.00000000	f	\N	\N	f
LG64603	PLQ 3P ESP.EVOLUT. MIROIR BLC	190.50000000	empty.png	0	0.00000000	f	\N	\N	f
LG64611	PLQ 1P ESP.EVOLUT. MIROIR NOIR	64.00000000	empty.png	0	0.00000000	f	\N	\N	f
LG64612	PLQ 2P ESP.EVOLUT. MIROIR NOIR	127.00000000	empty.png	0	0.00000000	f	\N	\N	f
LG64613	PLQ 3P ESP.EVOLUT. MIROIR NOIR	190.50000000	empty.png	0	0.00000000	f	\N	\N	f
LG64631	PLQ 1P ESP.EVOLUT. INOX BROSSE	64.50000000	empty.png	0	0.00000000	f	\N	\N	f
LG64633	PLQ 3P ESP.EVOLUT. INOX BROSSE	191.50000000	empty.png	0	0.00000000	f	\N	\N	f
LG64641	PLQ 1P ESP.EVOLUT BRZE CROISE	84.00000000	empty.png	0	0.00000000	f	\N	\N	f
LG64642	PLQ 2P ESP.EVOLUT BRZE CROISE	166.00000000	empty.png	0	0.00000000	f	\N	\N	f
LG64643	PLQ 3P ESP.EVOLUT BRZE CROISE	251.50000000	empty.png	0	0.00000000	f	\N	\N	f
LG64651	PLQ 1P ESPACE EVOLUTION VINYLE	85.00000000	empty.png	0	0.00000000	f	\N	\N	f
LG64652	PLQ 2P ESPACE EVOLUTION VINYLE	165.50000000	empty.png	0	0.00000000	f	\N	\N	f
LG64653	PLQ 3P ESPACE EVOLUTION VINYLE	252.50000000	empty.png	0	0.00000000	f	\N	\N	f
LG64661	PLQ 1P ESPACE EVOLUT GRAPHIQUE	84.00000000	empty.png	0	0.00000000	f	\N	\N	f
LG64663	PLQ 3P ESPACE EVOLUT GRAPHIQUE	250.00000000	empty.png	0	0.00000000	f	\N	\N	f
LG663902	2XVV 10A BA CPLT BL	39.50000000	empty.png	0	0.00000000	f	\N	\N	f
LG663905	POUS 6A BA CPLT BL	24.00000000	empty.png	0	0.00000000	f	\N	\N	f
LG663911	VOLET-ROULANT INTER. BLANC	60.00000000	empty.png	0	0.00000000	f	\N	\N	f
LG663913	TRANSFORMEUR  BLANC	30.50000000	empty.png	0	0.00000000	f	\N	\N	f
LG663915	POUS 6A BA PE CPLT BL	42.00000000	empty.png	0	0.00000000	f	\N	\N	f
LG663924	POUSSOIR 6A NO NF VOYANT BLANC	32.00000000	empty.png	0	0.00000000	f	\N	\N	f
LG663950	TV ETOILE F TYPE  BLANC	33.00000000	empty.png	0	0.00000000	f	\N	\N	f
LG663951	TV ET BL CPLT BL	31.00000000	empty.png	0	0.00000000	f	\N	\N	f
LG663963	TV/R/SAT STAR  BLANC	97.50000000	empty.png	0	0.00000000	f	\N	\N	f
LG663988	VARIATEUR ROT.RLC LED BLANC	149.00000000	empty.png	0	0.00000000	f	\N	\N	f
LG663990	INTERRUPTEUR VMC  BLANC	32.50000000	empty.png	0	0.00000000	f	\N	\N	f
LG663995	SC CPLT BL	18.50000000	empty.png	0	0.00000000	f	\N	\N	f
LG663996	OBTURATEUR CPLT BL	14.50000000	empty.png	0	0.00000000	f	\N	\N	f
LG664110	V-V BA LUM. GRIF. CPLT PUR	48.00000000	empty.png	0	0.00000000	f	\N	\N	f
LG664113	TRANS.GRIF.CPLT PUR	27.50000000	empty.png	0	0.00000000	f	\N	\N	f
LG664115	POUS LUMI P-E. GRIF. CPLT PUR	41.00000000	empty.png	0	0.00000000	f	\N	\N	f
LG664124	POUS. LUMI. GRIFFES PUR	31.00000000	empty.png	0	0.00000000	f	\N	\N	f
LG664141	2X2P+T BA GRIF. CPLT PUR	46.00000000	empty.png	0	0.00000000	f	\N	\N	f
LG664301	50 X VA ET VIENT 10AX BLC	586.00000000	empty.png	0	0.00000000	f	\N	\N	f
LG664328	2P+T FB BORN A VIS GRIFFES PUR	17.00000000	empty.png	0	0.00000000	f	\N	\N	f
LG664335	50 X 2P+T FB BA BLC	606.50000000	empty.png	0	0.00000000	f	\N	\N	f
LG664501	VA-ET-VIENT 10AX BLANC GRIFFE	14.50000000	empty.png	0	0.00000000	f	\N	\N	f
LG664503	INTER. TRIPLE BLANC GRIFFE	39.00000000	empty.png	0	0.00000000	f	\N	\N	f
LG664534	2P BV PUR GRIFFE	15.50000000	empty.png	0	0.00000000	f	\N	\N	f
LG664641	2X2P+T FB BA 1P IVOIRE GRIFFE	50.00000000	empty.png	0	0.00000000	f	\N	\N	f
LG664703	V.V INTUITION NILOE BLANC	66.50000000	empty.png	0	0.00000000	f	\N	\N	f
LG664704	PERMUTATEUR 10AX BLANC	89.50000000	empty.png	0	0.00000000	f	\N	\N	f
LG664708	DOUBLE POUSSOIR 6A BLANC	41.50000000	empty.png	0	0.00000000	f	\N	\N	f
LG664709	V-V 10AX+POUSSOIR 6A BLANC	32.50000000	empty.png	0	0.00000000	f	\N	\N	f
LG664710	VA-ET-VIENT VOYANT 10AX BLANC	24.50000000	empty.png	0	0.00000000	f	\N	\N	f
LG664711	VOLET-ROULANT BLANC	53.00000000	empty.png	0	0.00000000	f	\N	\N	f
LG664713	COMMANDE MULTIFONCTION BLANC	24.00000000	empty.png	0	0.00000000	f	\N	\N	f
LG664725	POUSSOIR 6A LUMI IP44 BLANC	48.00000000	empty.png	0	0.00000000	f	\N	\N	f
LG664726	POUSSOIR 6A BA LUMI LED PUR	25.50000000	empty.png	0	0.00000000	f	\N	\N	f
LG664728	2P+T FB BV PUR RENOV	12.50000000	empty.png	0	0.00000000	f	\N	\N	f
LG664734	2P BV BLANC	12.50000000	empty.png	0	0.00000000	f	\N	\N	f
LG664737	2P+T FB BA AFFLEURANTE BLANC	19.00000000	empty.png	0	0.00000000	f	\N	\N	f
LG664740	PRISE+CHARG 2USBA 2.4A 2P BL	103.50000000	empty.png	0	0.00000000	f	\N	\N	f
LG664742	PRISE+CHARG 1USBA 1A RENOV BL	123.00000000	empty.png	0	0.00000000	f	\N	\N	f
LG664745	2X2P+T FB BA PRE-CABLEE BLANC	28.00000000	empty.png	0	0.00000000	f	\N	\N	f
LG664748	2P+T FB BA IP44 BLANC	26.00000000	empty.png	0	0.00000000	f	\N	\N	f
LG664750	TV TYPE F ETOILE BLINDE PUR	26.00000000	empty.png	0	0.00000000	f	\N	\N	f
LG664751	TV MALE ETOILE BLINDE PUR	24.50000000	empty.png	0	0.00000000	f	\N	\N	f
LG664766	CABLE OPERATEUR 2F PUR	84.50000000	empty.png	0	0.00000000	f	\N	\N	f
LG664767	ENJO ADAPTTV2 3 TROUS PUR	10.00000000	empty.png	0	0.00000000	f	\N	\N	f
LG664781	DOUBLE HP PUR	27.00000000	empty.png	0	0.00000000	f	\N	\N	f
LG664786	PROG. FIL PILOTE 3 ZONES BLANC	658.00000000	empty.png	0	0.00000000	f	\N	\N	f
LG664787	THERMOSTAT F. PILOT/HORL BLANC	364.50000000	empty.png	0	0.00000000	f	\N	\N	f
LG664788	THERMOSTAT PROGRAMMABLE BLANC	710.50000000	empty.png	0	0.00000000	f	\N	\N	f
LG664791	COMMANDE DIRECTE VMC BLANC	26.00000000	empty.png	0	0.00000000	f	\N	\N	f
LG664792	POUSSOIR VMC BLANC	18.00000000	empty.png	0	0.00000000	f	\N	\N	f
LG664794	CHARG 2USB A+A 2.4A 12W BL	85.00000000	empty.png	0	0.00000000	f	\N	\N	f
LG764500	INTER 10AX BLANC	7.50000000	empty.png	0	0.00000000	f	\N	\N	f
LG764501	VA-ET-VIENT 10AX BLANC	9.00000000	empty.png	0	0.00000000	f	\N	\N	f
LG764502	DOUBLE V-V 10AX BLANC	13.00000000	empty.png	0	0.00000000	f	\N	\N	f
LG664796	CHARG DOCK 2.4A 12W BLANC	121.00000000	empty.png	0	0.00000000	f	\N	\N	f
LG664797	CHARG SANS FIL VER 1A + 1USB A	190.50000000	empty.png	0	0.00000000	f	\N	\N	f
LG664798	CADRE SAILLIE 1P BLANC	14.00000000	empty.png	0	0.00000000	f	\N	\N	f
LG664799	CADRE SAILLIE 2P BLANC	20.50000000	empty.png	0	0.00000000	f	\N	\N	f
LG664801	VA-ET-VIENT 10AX IVOIRE	13.50000000	empty.png	0	0.00000000	f	\N	\N	f
LG664802	DOUBLE VA-ET-VIENT 10AX IVOIRE	37.00000000	empty.png	0	0.00000000	f	\N	\N	f
LG664898	CADRE SAILLIE 1P IVOIRE	15.50000000	empty.png	0	0.00000000	f	\N	\N	f
LG665000	PLAQUE SIMPLE IP44/IK BLANC	29.50000000	empty.png	0	0.00000000	f	\N	\N	f
LG665004	PLAQUE QUADRUPLE  71 BLANC	17.50000000	empty.png	0	0.00000000	f	\N	\N	f
LG665006	PLAQUE 1P BLANCHE PE	5.00000000	empty.png	0	0.00000000	f	\N	\N	f
LG665008	PLAQUE DOUBLE 100MM BLANC	9.00000000	empty.png	0	0.00000000	f	\N	\N	f
LG665009	100 PLAQUES S BLANCHE	419.50000000	empty.png	0	0.00000000	f	\N	\N	f
LG665011	PLAQUE SIMPLE IVOIRE	4.50000000	empty.png	0	0.00000000	f	\N	\N	f
LG665012	PLAQUE DOUBLE  71 IVOIRE	9.00000000	empty.png	0	0.00000000	f	\N	\N	f
LG665013	PLAQUE TRIPLE  71 IVOIRE	13.50000000	empty.png	0	0.00000000	f	\N	\N	f
LG665090	LAMPE LUMINEUX 230V	18.00000000	empty.png	0	0.00000000	f	\N	\N	f
LG665091	LAMPE TEMOIN 230V	18.00000000	empty.png	0	0.00000000	f	\N	\N	f
LG665096	CHAUSSETTE DE PERMEABILITE	4.50000000	empty.png	0	0.00000000	f	\N	\N	f
LG665098	COQUE DE PROTECTION	2.00000000	empty.png	0	0.00000000	f	\N	\N	f
LG665115	VARIATEUR B P RC 400W BLANC	103.00000000	empty.png	0	0.00000000	f	\N	\N	f
LG665116	VARIATEUR B P RLC 400W  BLANC	117.50000000	empty.png	0	0.00000000	f	\N	\N	f
LG665119	DETECTEUR MINUTERIE NILOE BL	147.00000000	empty.png	0	0.00000000	f	\N	\N	f
LG665120	PIR DETECT + BP S/NEUTRE NILOE	197.00000000	empty.png	0	0.00000000	f	\N	\N	f
LG665195	OBTURATEUR ADAP. MOSAIC BLANC	19.50000000	empty.png	0	0.00000000	f	\N	\N	f
LG665196	OBTURATEUR PUR	8.50000000	empty.png	0	0.00000000	f	\N	\N	f
LG764503	INTER TRIPLE 10A BLANC	25.00000000	empty.png	0	0.00000000	f	\N	\N	f
LG764504	PERMU 10AX BLANC	17.50000000	empty.png	0	0.00000000	f	\N	\N	f
LG764505	DOUBLE ALLUMAGE 10A BLANC	14.50000000	empty.png	0	0.00000000	f	\N	\N	f
LG764506	DOUBLE INTER 10AX BLANC	11.00000000	empty.png	0	0.00000000	f	\N	\N	f
LG764507	POUSSOIR 6A NO NF BLANC	11.00000000	empty.png	0	0.00000000	f	\N	\N	f
LG764508	DOUBLE POUS.6A BLANC	16.50000000	empty.png	0	0.00000000	f	\N	\N	f
LG764509	VV 10AX POUS.6A BLANC	26.00000000	empty.png	0	0.00000000	f	\N	\N	f
LG764511	VOLET-ROULANT INTER BLANC	21.50000000	empty.png	0	0.00000000	f	\N	\N	f
LG764512	VOLET-ROULANT POUS BLANC	32.50000000	empty.png	0	0.00000000	f	\N	\N	f
LG764517	INTER BIPO. 16A BLANC	21.50000000	empty.png	0	0.00000000	f	\N	\N	f
LG764518	DISMATIC 15A BLANC	71.50000000	empty.png	0	0.00000000	f	\N	\N	f
LG764521	VOYANT 230V TEMOIN LUMI	10.50000000	empty.png	0	0.00000000	f	\N	\N	f
LG764522	POUSSOIR 6A NO NF VOYANT BLANC	20.00000000	empty.png	0	0.00000000	f	\N	\N	f
LG764523	VOYANT 12/24V	10.50000000	empty.png	0	0.00000000	f	\N	\N	f
LG764524	VA-ET-VIENT 10AX IP44 BLANC	23.50000000	empty.png	0	0.00000000	f	\N	\N	f
LG764525	POUSSOIR 6A NO NF IP44 BLANC	21.50000000	empty.png	0	0.00000000	f	\N	\N	f
LG764526	VOYANT LUMINEUX 230V 0,125MA	10.50000000	empty.png	0	0.00000000	f	\N	\N	f
LG764528	2P+T FB +1 USB 1000MA BLANC	137.00000000	empty.png	0	0.00000000	f	\N	\N	f
LG764530	2P+T SCH +1 USB 1000MA BLANC	137.00000000	empty.png	0	0.00000000	f	\N	\N	f
LG764535	PRISE 2P+T GERM USB C BL+SUP	108.00000000	empty.png	0	0.00000000	f	\N	\N	f
LG764536	PRISE 2P+T FR USB C BL+SUP	13.00000000	empty.png	0	0.00000000	f	\N	\N	f
LG764545	OBTURATEUR BLANC	11.50000000	empty.png	0	0.00000000	f	\N	\N	f
LG764549	TRAVERSEE F-F BLANC	23.00000000	empty.png	0	0.00000000	f	\N	\N	f
LG764551	TV ETOILE BLANC	23.00000000	empty.png	0	0.00000000	f	\N	\N	f
LG764552	TV PASSAGE BLANC	23.00000000	empty.png	0	0.00000000	f	\N	\N	f
LG764555	TV TERMINAL BLANC	23.00000000	empty.png	0	0.00000000	f	\N	\N	f
LG764557	TV/SAT PASSAGE BLANC	37.00000000	empty.png	0	0.00000000	f	\N	\N	f
LG764558	TV/SAT TERMINAL BLANC	37.00000000	empty.png	0	0.00000000	f	\N	\N	f
LG764559	TV/SAT ETOILE BLANC	37.00000000	empty.png	0	0.00000000	f	\N	\N	f
LG764563	TV/R/SAT ETOILE BLANC	46.00000000	empty.png	0	0.00000000	f	\N	\N	f
LG764564	TV/R/SAT PASSAGE BLANC	46.00000000	empty.png	0	0.00000000	f	\N	\N	f
LG764565	TV/R/SAT TERMINAL BLANC	46.00000000	empty.png	0	0.00000000	f	\N	\N	f
LG764688	VARIATEUR ROT300W IVOIRE	128.50000000	empty.png	0	0.00000000	f	\N	\N	f
LG764694	CHARG 2USB A+A 2.4A 12W IV	108.00000000	empty.png	0	0.00000000	f	\N	\N	f
LG764695	CHARG 2USB C+C 3A 15 W IV	108.00000000	empty.png	0	0.00000000	f	\N	\N	f
LG764697	CHARG 2USB A+C 3A 15 W IV	108.00000000	empty.png	0	0.00000000	f	\N	\N	f
LG764700	INTER 10AX MARRON	8.00000000	empty.png	0	0.00000000	f	\N	\N	f
LG764701	VA-ET-VIENT 10AX MARRON	9.50000000	empty.png	0	0.00000000	f	\N	\N	f
LG764702	DOUBLE V-V 10AX MARRON	14.50000000	empty.png	0	0.00000000	f	\N	\N	f
LG764706	DOUBLE INTER 10AX MARRON	12.00000000	empty.png	0	0.00000000	f	\N	\N	f
LG764707	POUSSOIR 6A MARRON	12.00000000	empty.png	0	0.00000000	f	\N	\N	f
LG764710	DOIGT VOYANT MARRON	12.50000000	empty.png	0	0.00000000	f	\N	\N	f
LG764711	INTER. V.R. MARRON	24.00000000	empty.png	0	0.00000000	f	\N	\N	f
LG764712	POUS. V.R. MARRON	35.50000000	empty.png	0	0.00000000	f	\N	\N	f
LG764722	POUSSOIR VOYANT 6A MARRON	22.00000000	empty.png	0	0.00000000	f	\N	\N	f
LG764745	OBTURATEUR MARRON	12.50000000	empty.png	0	0.00000000	f	\N	\N	f
LG764750	TV ETOILE F MARRON	25.50000000	empty.png	0	0.00000000	f	\N	\N	f
LG764566	TV/R/SAT/SAT BLANC	90.00000000	empty.png	0	0.00000000	f	\N	\N	f
LG764568	TELEPHONE T BLANC	14.00000000	empty.png	0	0.00000000	f	\N	\N	f
LG764569	RJ11 BLANC	11.00000000	empty.png	0	0.00000000	f	\N	\N	f
LG764572	RJ11+RJ45 CAT6 UTP BLANC	35.50000000	empty.png	0	0.00000000	f	\N	\N	f
LG764581	DOUBLE HP BLANC	43.00000000	empty.png	0	0.00000000	f	\N	\N	f
LG764587	THERMOSTAT BLANC	451.50000000	empty.png	0	0.00000000	f	\N	\N	f
LG764588	VARIATEUR ROT300W BLANC	128.50000000	empty.png	0	0.00000000	f	\N	\N	f
LG764589	MOSAIC INTEGRATOR BLANC	11.50000000	empty.png	0	0.00000000	f	\N	\N	f
LG764594	CHARG 2USB A+A 2.4A 12W BL	108.00000000	empty.png	0	0.00000000	f	\N	\N	f
LG764595	CHARG 2USB C+C 3A 15 W BLANC	108.00000000	empty.png	0	0.00000000	f	\N	\N	f
LG764596	CHARG DOCK 2.4A 12W BLANC	183.50000000	empty.png	0	0.00000000	f	\N	\N	f
LG764597	CHARG 2USB A+C 3A 15 W BLANC	108.00000000	empty.png	0	0.00000000	f	\N	\N	f
LG764600	INTER 10AX IVOIRE	7.50000000	empty.png	0	0.00000000	f	\N	\N	f
LG764601	VA-ET-VIENT 10AX IVOIRE	9.00000000	empty.png	0	0.00000000	f	\N	\N	f
LG764602	DOUBLE V-V 10AX IVOIRE	13.00000000	empty.png	0	0.00000000	f	\N	\N	f
LG764604	PERMU 10AX IVOIRE	17.50000000	empty.png	0	0.00000000	f	\N	\N	f
LG764605	DOUBLE ALLUMAGE 10A IVOIRE	14.50000000	empty.png	0	0.00000000	f	\N	\N	f
LG764606	DOUBLE INTER 10AX IVOIRE	11.00000000	empty.png	0	0.00000000	f	\N	\N	f
LG764607	POUSSOIR 6A NO NF IVOIRE	11.00000000	empty.png	0	0.00000000	f	\N	\N	f
LG764608	DOUBLE POUS.6A IVOIRE	16.50000000	empty.png	0	0.00000000	f	\N	\N	f
LG764609	VV 10AX POUS.6A IVOIRE	26.00000000	empty.png	0	0.00000000	f	\N	\N	f
LG764611	VOLET-ROULANT INTER IVOIRE	21.50000000	empty.png	0	0.00000000	f	\N	\N	f
LG764612	VOLET-ROULANT POUS IVOIRE	32.50000000	empty.png	0	0.00000000	f	\N	\N	f
LG764617	INTER BIPO. 16A IVOIRE	21.50000000	empty.png	0	0.00000000	f	\N	\N	f
LG764618	DISMATIC 15A IVOIRE	71.50000000	empty.png	0	0.00000000	f	\N	\N	f
LG764619	DISMATIC 20A IVOIRE	71.50000000	empty.png	0	0.00000000	f	\N	\N	f
LG764624	VA-ET-VIENT 10AX IP44 IVOIRE	23.50000000	empty.png	0	0.00000000	f	\N	\N	f
LG764625	POUSSOIR 6A NO NF IP44 IVOIRE	21.50000000	empty.png	0	0.00000000	f	\N	\N	f
LG764628	2P+T FB +1 USB 1000MA IVOIRE	137.00000000	empty.png	0	0.00000000	f	\N	\N	f
LG764630	2P+T SCH +1 USB 1000MA IVOIRE	137.00000000	empty.png	0	0.00000000	f	\N	\N	f
LG764635	PRISE 2P+T GERM USB C IV+SU	23.50000000	empty.png	0	0.00000000	f	\N	\N	f
LG764645	OBTURATEUR IVOIRE	11.50000000	empty.png	0	0.00000000	f	\N	\N	f
LG764649	TRAVERSEE F-F IVOIRE	23.00000000	empty.png	0	0.00000000	f	\N	\N	f
LG764650	TV ETOILE TYPE F IVOIRE	23.00000000	empty.png	0	0.00000000	f	\N	\N	f
LG764651	TV ETOILE IVOIRE	23.00000000	empty.png	0	0.00000000	f	\N	\N	f
LG764655	TV TERMINAL IVOIRE	23.00000000	empty.png	0	0.00000000	f	\N	\N	f
LG764657	TV/SAT PASSAGE IVOIRE	37.00000000	empty.png	0	0.00000000	f	\N	\N	f
LG764658	TV/SAT TERMINAL IVOIRE	37.00000000	empty.png	0	0.00000000	f	\N	\N	f
LG764659	TV/SAT ETOILE IVOIRE	37.00000000	empty.png	0	0.00000000	f	\N	\N	f
LG764663	TV/R/SAT ETOILE IVOIRE	46.00000000	empty.png	0	0.00000000	f	\N	\N	f
LG764664	TV/R/SAT PASSAGE IVOIRE	46.00000000	empty.png	0	0.00000000	f	\N	\N	f
LG764665	TV/R/SAT TERMINAL IVOIRE	46.00000000	empty.png	0	0.00000000	f	\N	\N	f
LG764666	TV/R/SAT/SAT IVOIRE	91.50000000	empty.png	0	0.00000000	f	\N	\N	f
LG764668	TELEPHONE T IVOIRE	14.00000000	empty.png	0	0.00000000	f	\N	\N	f
LG764669	RJ11 IVOIRE	11.00000000	empty.png	0	0.00000000	f	\N	\N	f
LG764670	RJ11+RJ45 CAT5 UTP IVOIRE	31.50000000	empty.png	0	0.00000000	f	\N	\N	f
LG764681	DOUBLE HP IVOIRE	43.00000000	empty.png	0	0.00000000	f	\N	\N	f
LG764751	TV ETOILE MARRON	25.50000000	empty.png	0	0.00000000	f	\N	\N	f
LG764752	TV PASSAGE MARRON	25.50000000	empty.png	0	0.00000000	f	\N	\N	f
LG764755	TV TERMINAL MARRON	25.50000000	empty.png	0	0.00000000	f	\N	\N	f
LG764759	TV/SAT ETOILE MARRON	40.50000000	empty.png	0	0.00000000	f	\N	\N	f
LG764766	TV/R/SAT/SAT MARRON	101.00000000	empty.png	0	0.00000000	f	\N	\N	f
LG764769	RJ11 MARRON	12.00000000	empty.png	0	0.00000000	f	\N	\N	f
LG782360	INTER SIMPLE ALLU 10AX BL IP44	13.00000000	empty.png	0	0.00000000	f	\N	\N	f
LG782361	DOUBLE VAETVIENT 10AX BL IP44	32.50000000	empty.png	0	0.00000000	f	\N	\N	f
LG782362	DOUBLE ALLUMAGE 10AX BL IP44	21.50000000	empty.png	0	0.00000000	f	\N	\N	f
LG782363	VA ET VIENT 10AX BLANC IP44	16.50000000	empty.png	0	0.00000000	f	\N	\N	f
LG782364	BOUTON POUSSOIR BLANC IP44	18.50000000	empty.png	0	0.00000000	f	\N	\N	f
LG782365	PERMUTATEUR BLANC IP44	25.00000000	empty.png	0	0.00000000	f	\N	\N	f
LG782375	PRISE FB 16A BLANC IP44	18.00000000	empty.png	0	0.00000000	f	\N	\N	f
LG782376	VV 10AX BL+PRISE FB 16A IP44	35.00000000	empty.png	0	0.00000000	f	\N	\N	f
LG782379	EMBOUT BLANC	1.50000000	empty.png	0	0.00000000	f	\N	\N	f
LG782380	INTER SIMPLE ALLU 10AX GR IP44	13.00000000	empty.png	0	0.00000000	f	\N	\N	f
LG782381	DOUBLE VAETVIENT 10AX GR IP44	32.50000000	empty.png	0	0.00000000	f	\N	\N	f
LG782382	DOUBLE ALLUMAGE 10AX GRIS IP44	21.50000000	empty.png	0	0.00000000	f	\N	\N	f
LG782383	VA ET VIENT 10AX GRIS IP44	16.50000000	empty.png	0	0.00000000	f	\N	\N	f
LG782384	BOUTON POUSSOIR GRIS IP44	18.50000000	empty.png	0	0.00000000	f	\N	\N	f
LG782385	PERMUTATEUR GRIS IP44	25.00000000	empty.png	0	0.00000000	f	\N	\N	f
LG782395	PRISE FB 2P+T 16A GRIS	18.00000000	empty.png	0	0.00000000	f	\N	\N	f
LG782396	VV 10AX GRIS+PRISE FB 16A IP44	35.00000000	empty.png	0	0.00000000	f	\N	\N	f
LG782398	VOYANT A CABLER	4.00000000	empty.png	0	0.00000000	f	\N	\N	f
LG782399	EMBOUT GRIS	1.50000000	empty.png	0	0.00000000	f	\N	\N	f
LG782400	INTER 10AX SIMPLE ALLU BLANC	8.50000000	empty.png	0	0.00000000	f	\N	\N	f
LG782402	INTER 10AX DOUBLE ALLU BLANC	14.00000000	empty.png	0	0.00000000	f	\N	\N	f
LG782404	VA ET VIENT 10AX BLANC	11.00000000	empty.png	0	0.00000000	f	\N	\N	f
LG782414	PRISE RJ11 BLANC	14.50000000	empty.png	0	0.00000000	f	\N	\N	f
LG782415	PRISE TV MALE BLANC	15.00000000	empty.png	0	0.00000000	f	\N	\N	f
LG782417	PRISE FB 2P+T BLANC	9.00000000	empty.png	0	0.00000000	f	\N	\N	f
LG782421	PRISE RJ11 ET RJ45 BLANC	27.50000000	empty.png	0	0.00000000	f	\N	\N	f
LG782424	PRISE RJ45 CAT5E UTP BLANC	15.00000000	empty.png	0	0.00000000	f	\N	\N	f
LG782425	ADAPTATEUR FCT MOSAIC BLANC	2.50000000	empty.png	0	0.00000000	f	\N	\N	f
LG782428	PRISE 2 X RJ45 CAT 5E UTP	28.00000000	empty.png	0	0.00000000	f	\N	\N	f
LG782429	DISMATIC	55.50000000	empty.png	0	0.00000000	f	\N	\N	f
LG782430	INTER 10AX SIMPLE ALL IVOIRE	8.50000000	empty.png	0	0.00000000	f	\N	\N	f
LG068412	ENJO 2P+T FB TITANE	8.00000000	empty.png	0	0.00000000	f	\N	\N	f
LG782432	INTER 10AX DOUBLE ALLU IVOIRE	14.00000000	empty.png	0	0.00000000	f	\N	\N	f
LG782434	VA ET VIENT 10AX IVOIRE	11.00000000	empty.png	0	0.00000000	f	\N	\N	f
LG782435	BOUTON POUSSOIR 6A IVOIRE	12.50000000	empty.png	0	0.00000000	f	\N	\N	f
LG782444	PRISE RJ11 IVOIRE	14.50000000	empty.png	0	0.00000000	f	\N	\N	f
LG782447	PRISE FB 2P+T IVOIRE	9.00000000	empty.png	0	0.00000000	f	\N	\N	f
LG782454	PRISE RJ45 CAT5E UTP IVOIRE	15.00000000	empty.png	0	0.00000000	f	\N	\N	f
LG782457	VOYANT A CABLER	3.50000000	empty.png	0	0.00000000	f	\N	\N	f
LG782494	POSTE TRAVAIL 4P A EQUIPPER BL	13.00000000	empty.png	0	0.00000000	f	\N	\N	f
LG782495	OBTURATEUR POSTE TRAVAIL BLANC	2.50000000	empty.png	0	0.00000000	f	\N	\N	f
LG782496	POSTE TRAVAIL 6P A EQUIPPER BL	16.50000000	empty.png	0	0.00000000	f	\N	\N	f
LG980384	DOIGT CDE VARIATEUR MOSAIC	22.50000000	empty.png	0	0.00000000	f	\N	\N	f
LGAR64056	CHARG DOCK 2.4A 12W BLANC	113.00000000	empty.png	0	0.00000000	f	\N	\N	f
LG069303	PLAQUE 3P  VERRE PIANO	285.00000000	empty.png	0	0.00000000	f	\N	\N	f
LG069532	INTER BIPO. TEMOIN GRIS COMPO.	62.50000000	empty.png	0	0.00000000	f	\N	\N	f
LG069553	2P+T F/B A DETROMP. COMPO.	68.00000000	empty.png	0	0.00000000	f	\N	\N	f
LG069623	2P+T F/B A DETROMP. COMPO	71.00000000	empty.png	0	0.00000000	f	\N	\N	f
LG069643	2P+T F/B PRECAB. 2PV B. COMPO.	52.50000000	empty.png	0	0.00000000	f	\N	\N	f
LG069674	BOITIER PE PG 2PH GRIS COMPO.	35.00000000	empty.png	0	0.00000000	f	\N	\N	f
LG069698	PLAQUE + SUPPORT 3PH BLANC	40.50000000	empty.png	0	0.00000000	f	\N	\N	f
LG080245	CADRE CELIANE 2 POSTES TITANE	62.50000000	empty.png	0	0.00000000	f	\N	\N	f
LG070794	PLAQUE 2PH ENC BLC ARTIC	38.00000000	empty.png	0	0.00000000	f	\N	\N	f
LG086120	DOUBLE VA/VIENT COMPOS.SAILLIE	24.00000000	empty.png	0	0.00000000	f	\N	\N	f
LG086139	PRISE HAUT PARLEUR SAILLIE	39.50000000	empty.png	0	0.00000000	f	\N	\N	f
LG090335	SOCLE PLEXO 2P+T    10/16A250V	43.00000000	empty.png	0	0.00000000	f	\N	\N	f
LG090482	POUSSOIR A VOYANT 6A	72.50000000	empty.png	0	0.00000000	f	\N	\N	f
LG600321	PRISE 2X2P+T 1POSTE  BLANC	41.50000000	empty.png	0	0.00000000	f	\N	\N	f
LG64051	PRISE HDMI PRE-CON.ESP.EVOL BL	119.00000000	empty.png	0	0.00000000	f	\N	\N	f
LG64077	PRISE TV/R/SAT ETOI ESP.EV BL	58.50000000	empty.png	0	0.00000000	f	\N	\N	f
LG600851	PLAQUE 1P ALUMINIUM	8.50000000	empty.png	0	0.00000000	f	\N	\N	f
LG600872	PLAQUE 2P STYLE INOX BROSSE	24.50000000	empty.png	0	0.00000000	f	\N	\N	f
LG663909	V-V 10AX + POUSSOIR 6A BLANC	39.00000000	empty.png	0	0.00000000	f	\N	\N	f
LG664541	2X2P+T FB BA 1P BLANC GRIFFE	45.50000000	empty.png	0	0.00000000	f	\N	\N	f
LG572263	THERM RSA TYP MICROLINE C BL	492.00000000	empty.png	0	0.00000000	f	\N	\N	f
LG64007	INTERRUPT A BADGE ESP.EV BLC	136.00000000	empty.png	0	0.00000000	f	\N	\N	f
LG664714	MULTIFONCT. DOUBLE LUMI BLANC	72.00000000	empty.png	0	0.00000000	f	\N	\N	f
LG665092	LAMPE LUMINEUX 24V	24.00000000	empty.png	0	0.00000000	f	\N	\N	f
LG764550	TV ETOILE TYPE F BLANC	23.00000000	empty.png	0	0.00000000	f	\N	\N	f
LG764652	TV PASSAGE IVOIRE	23.00000000	empty.png	0	0.00000000	f	\N	\N	f
LG764667	ENJOLIVEUR 3 TROUS IVOIRE	11.50000000	empty.png	0	0.00000000	f	\N	\N	f
LG782366	INTER BIPOLAIR 10AX BLANC IP44	25.00000000	empty.png	0	0.00000000	f	\N	\N	f
LG782405	BOUTON POUSSOIR 6A BLANC	12.50000000	empty.png	0	0.00000000	f	\N	\N	f
LG080040	BATIBOX CL.SECH.1/2POST-1M P40	13.50000000	empty.png	0	0.00000000	f	\N	\N	f
LG080116	DISTRIBOX MULTIMAT P50MM X100	281.00000000	empty.png	0	0.00000000	f	\N	\N	f
LG089271	BOITE MACONN.DERIV.85X85 PR.40	16.50000000	empty.png	0	0.00000000	f	\N	\N	f
LG64502	PLQ 2P ESPACE EVOLUTION MAGNES	14.50000000	empty.png	0	0.00000000	f	\N	\N	f
LG64532	PLQ 2P ESPACE EVOLUT OR SATINE	14.50000000	empty.png	0	0.00000000	f	\N	\N	f
LG64632	PLQ 2P ESP.EVOLUT. INOX BROSSE	127.00000000	empty.png	0	0.00000000	f	\N	\N	f
LG069514	VV TEMOIN GRIS COMPOS.	43.00000000	empty.png	0	0.00000000	f	\N	\N	f
LG069580	ADAPT. MOSAIC COMPOSABLE	30.00000000	empty.png	0	0.00000000	f	\N	\N	f
LG069597	GABARIT DE PERCAGE	51.50000000	empty.png	0	0.00000000	f	\N	\N	f
LG64021	VR POUSS CDE AUTOMAT ESP.EV BL	59.50000000	empty.png	0	0.00000000	f	\N	\N	f
LG764696	CHARG DOCK 2.4A 12W IV	183.50000000	empty.png	0	0.00000000	f	\N	\N	f
LG663901	VV 10A BA CPLT BL	18.00000000	empty.png	0	0.00000000	f	\N	\N	f
LG100697	CUBE PRINTEMPS BLANC	680.00000000	empty.png	0	0.00000000	f	\N	\N	f
LG64016	POUS LUM PE+LAMP230V ESP.EV BL	41.00000000	empty.png	0	0.00000000	f	\N	\N	f
LG64671	PLQ 1P ESP.EVOLUT. BOIS GROOVE	85.00000000	empty.png	0	0.00000000	f	\N	\N	f
LG64702	PLQ 2P ESP.EVOLUT. CUIR GRUNGE	166.00000000	empty.png	0	0.00000000	f	\N	\N	f
LG64997	GRIFFES COURTES SPÉCIAL RÉNOV	1.50000000	empty.png	0	0.00000000	f	\N	\N	f
LG664811	VOLET-ROULANT IVOIRE	59.00000000	empty.png	0	0.00000000	f	\N	\N	f
LG764519	DISMATIC 20A BLANC	71.50000000	empty.png	0	0.00000000	f	\N	\N	f
LG764603	INTER TRIPLE 10A IVOIRE	25.00000000	empty.png	0	0.00000000	f	\N	\N	f
LG764622	POUS. 6A NO NF VOYANT IVOIRE	20.00000000	empty.png	0	0.00000000	f	\N	\N	f
LG089336	PT DE CENTRE BATIBOX CL.SECH.	12.00000000	empty.png	0	0.00000000	f	\N	\N	f
LG64662	PLQ 2P ESPACE EVOLUT GRAPHIQUE	165.50000000	empty.png	0	0.00000000	f	\N	\N	f
LG080140	BATIBOX MACON.1/2POST 1M P40MM	7.50000000	empty.png	0	0.00000000	f	\N	\N	f
LG089770	2P+T FB SOL RONDE INOX BROSSE	102.50000000	empty.png	0	0.00000000	f	\N	\N	f
LG600710	VV TEMOINS ONE BLANC	31.00000000	empty.png	0	0.00000000	f	\N	\N	f
LG086103	INTER BIPOLAIRE COMPOSABL.SAIL	40.00000000	empty.png	0	0.00000000	f	\N	\N	f
LG64031	PC 2P+T BA 16A ESP.EVOL BLC	11.50000000	empty.png	0	0.00000000	f	\N	\N	f
LG64201	VV 10A ESPACE EVOLUTION MAGNES	17.00000000	empty.png	0	0.00000000	f	\N	\N	f
LG64216	POUS LUM PE+LAMP230V ESP.EV MG	51.50000000	empty.png	0	0.00000000	f	\N	\N	f
LG64233	PC 3X2P+T BA 16A PREC.ESP.E MG	52.50000000	empty.png	0	0.00000000	f	\N	\N	f
LG64259	ECO DETECT 2 FILS AV DERO MAG	139.00000000	empty.png	0	0.00000000	f	\N	\N	f
LG64299	OBTURATEUR ESPACE EVOLUTION MG	20.00000000	empty.png	0	0.00000000	f	\N	\N	f
LG64432	PLQ 2P ESPACE EVOLUTION CHOCO	8.50000000	empty.png	0	0.00000000	f	\N	\N	f
LG764687	THERMOSTAT IVOIRE	451.50000000	empty.png	0	0.00000000	f	\N	\N	f
LG665215	VARIATEUR B P RC 400W IVOIR	103.50000000	empty.png	0	0.00000000	f	\N	\N	f
LGBU050610	BUBENDORFF IDIAMANT	445.50000000	empty.png	0	0.00000000	f	\N	\N	f
LG089380	BTE CL.SECHE COMBLE ROND.D140	43.50000000	empty.png	0	0.00000000	f	\N	\N	f
LG080184	BATIBOX MACONN. PC 32A P.40MM	11.00000000	empty.png	0	0.00000000	f	\N	\N	f
LG600751	TV MALE ETOIL BLIND. ONE BLANC	27.50000000	empty.png	0	0.00000000	f	\N	\N	f
LG086180	DIFFUSEUR INCOLORE SAILLIE	18.50000000	empty.png	0	0.00000000	f	\N	\N	f
LG600117	POUSSOIR LUM  SYM CADENAS ALU	45.50000000	empty.png	0	0.00000000	f	\N	\N	f
LG663968	TELEPHONE T  BLANC	35.50000000	empty.png	0	0.00000000	f	\N	\N	f
LG600973	PLAQUE 1P DECO BLC CHROME	8.50000000	empty.png	0	0.00000000	f	\N	\N	f
LG764570	RJ11+RJ45 CAT5 UTP BLANC	31.50000000	empty.png	0	0.00000000	f	\N	\N	f
LG764636	PRISE 2P+T FR USB C IV+SUP	11.00000000	empty.png	0	0.00000000	f	\N	\N	f
LG782386	INTER BIPOLAIR 10AX GRIS IP44	25.00000000	empty.png	0	0.00000000	f	\N	\N	f
LG782445	PRISE TV MALE IVOIRE	15.00000000	empty.png	0	0.00000000	f	\N	\N	f
LG080067	SCIE CLOCHE A RESSORT D.67MM	192.00000000	empty.png	0	0.00000000	f	\N	\N	f
LG069313	PLAQUE 3P  VERRE KAOLIN	285.00000000	empty.png	0	0.00000000	f	\N	\N	f
LG069314	PLAQUE 4P  VERRE KAOLIN	380.00000000	empty.png	0	0.00000000	f	\N	\N	f
LG069351	PLAQUE 1P  SONGE PORCELAINE	177.50000000	empty.png	0	0.00000000	f	\N	\N	f
LG069352	PLAQUE 2P  SONGE PORCELAINE	355.00000000	empty.png	0	0.00000000	f	\N	\N	f
LG069353	PLAQUE 3P  SONGE PORCELAINE	532.00000000	empty.png	0	0.00000000	f	\N	\N	f
LG069355	PLAQUE  2P ETENDUE  SONGE POR.	532.00000000	empty.png	0	0.00000000	f	\N	\N	f
LG069371	PLAQUE 1P  ARDOISE	133.00000000	empty.png	0	0.00000000	f	\N	\N	f
LG069372	PLAQUE 2P  ARDOISE	266.00000000	empty.png	0	0.00000000	f	\N	\N	f
LG069373	PLAQUE 3P  ARDOISE	399.00000000	empty.png	0	0.00000000	f	\N	\N	f
LG069375	PLAQUE 2P ETENDUE  ARDOISE	399.00000000	empty.png	0	0.00000000	f	\N	\N	f
LG069401	PLAQUE 1P  CUIR BRUN TEXTURE	95.00000000	empty.png	0	0.00000000	f	\N	\N	f
LG069402	PLAQUE 2P  CUIR BRUN TEXTURE	190.00000000	empty.png	0	0.00000000	f	\N	\N	f
LG069403	PLAQUE 3P  CUIR BRUN TEXTURE	285.00000000	empty.png	0	0.00000000	f	\N	\N	f
LG069404	PLAQUE 4P  CUIR BRUN TEXTURE	380.00000000	empty.png	0	0.00000000	f	\N	\N	f
LG069421	PLAQUE 1P CUIR CARAMEL	95.00000000	empty.png	0	0.00000000	f	\N	\N	f
LG069422	PLAQUE 2P CUIR CARAMEL	190.00000000	empty.png	0	0.00000000	f	\N	\N	f
LG069423	PLAQUE 3P CUIR CARAMEL	285.00000000	empty.png	0	0.00000000	f	\N	\N	f
LG069424	PLAQUE 4P CUIR CARAMEL	380.00000000	empty.png	0	0.00000000	f	\N	\N	f
LG069431	PLAQUE 1P CUIR PERLE COUTURE	95.00000000	empty.png	0	0.00000000	f	\N	\N	f
LG069432	PLAQUE 2P CUIR PERLE COUTURE	190.00000000	empty.png	0	0.00000000	f	\N	\N	f
LG069433	PLAQUE 3P CUIR PERLE COUTURE	285.00000000	empty.png	0	0.00000000	f	\N	\N	f
LG069441	PLAQUE 1P CUIR POURPRE COUTURE	95.00000000	empty.png	0	0.00000000	f	\N	\N	f
LG069443	PLAQUE 3P CUIR POURPRE COUTURE	285.00000000	empty.png	0	0.00000000	f	\N	\N	f
LG069451	PLAQUE 1P CUIR PIXELS	95.00000000	empty.png	0	0.00000000	f	\N	\N	f
LG069452	PLAQUE 2P CUIR PIXELS	190.00000000	empty.png	0	0.00000000	f	\N	\N	f
LG069453	PLAQUE 3P CUIR PIXELS	285.00000000	empty.png	0	0.00000000	f	\N	\N	f
LG069461	PLAQUE 1P VERRE MOKA	95.00000000	empty.png	0	0.00000000	f	\N	\N	f
LG069462	PLAQUE 2P VERRE MOKA	190.00000000	empty.png	0	0.00000000	f	\N	\N	f
LG069463	PLAQUE 3P VERRE MOKA	285.00000000	empty.png	0	0.00000000	f	\N	\N	f
LG069464	PLAQUE 4P VERRE MOKA	380.00000000	empty.png	0	0.00000000	f	\N	\N	f
LG069471	PLAQUE 1P VERRE CARMIN	95.00000000	empty.png	0	0.00000000	f	\N	\N	f
LG069473	PLAQUE 3P VERRE CARMIN	285.00000000	empty.png	0	0.00000000	f	\N	\N	f
LG069474	PLAQUE 4P VERRE CARMIN	380.00000000	empty.png	0	0.00000000	f	\N	\N	f
LG069491	PORTE-ETIQUETTE	9.00000000	empty.png	0	0.00000000	f	\N	\N	f
LG069495	LAMPE 24V 20MA	15.00000000	empty.png	0	0.00000000	f	\N	\N	f
LG069496	LAMPE 230V-1 MA-VERTE (POUS. )	14.50000000	empty.png	0	0.00000000	f	\N	\N	f
LG069497	LAMPE 230V - 0,5 MA - VERTE	14.50000000	empty.png	0	0.00000000	f	\N	\N	f
LG069498	LAMPE 230V - 1 MA - ORANGE	15.00000000	empty.png	0	0.00000000	f	\N	\N	f
LG069499	LAMPE 8-12V - 15MA - VERTE	18.50000000	empty.png	0	0.00000000	f	\N	\N	f
LG069512	VV TEMOIN GRIS COMPO.	43.00000000	empty.png	0	0.00000000	f	\N	\N	f
LG069513	VV LUMIN. GRIS COMPO.	40.50000000	empty.png	0	0.00000000	f	\N	\N	f
LG069515	VV TEMOIN SS NEU. G. COMPO.	162.00000000	empty.png	0	0.00000000	f	\N	\N	f
LG069519	VV + POUS. NO+NF LUMI. COMPO.	76.50000000	empty.png	0	0.00000000	f	\N	\N	f
LG069520	ECODETECTEUR 2FILS COMPO GRIS	206.50000000	empty.png	0	0.00000000	f	\N	\N	f
LG069521	PERMUTATEUR GRIS COMPO.	74.00000000	empty.png	0	0.00000000	f	\N	\N	f
LG069315	PLAQUE  2P ETENDUE  VERRE KAO.	285.00000000	empty.png	0	0.00000000	f	\N	\N	f
LG069405	PLAQUE 2P ETENDUE  CUIR BRUN	285.00000000	empty.png	0	0.00000000	f	\N	\N	f
LG069442	PLAQUE 2P CUIR POURPRE COUTURE	190.00000000	empty.png	0	0.00000000	f	\N	\N	f
LG069472	PLAQUE 2P VERRE CARMIN	190.00000000	empty.png	0	0.00000000	f	\N	\N	f
LG069508	THERMOSTAT ELECTRONI. COMPO.	482.00000000	empty.png	0	0.00000000	f	\N	\N	f
LG069031	PLAQUE 1P BLACK NICKEL	71.00000000	empty.png	0	0.00000000	f	\N	\N	f
LG069032	PLAQUE 2P BLACK NICKEL	142.00000000	empty.png	0	0.00000000	f	\N	\N	f
LG069033	PLAQUE 3P BLACK NICKEL	213.00000000	empty.png	0	0.00000000	f	\N	\N	f
LG069034	PLAQUE 4P BLACK NICKEL	284.00000000	empty.png	0	0.00000000	f	\N	\N	f
LG069035	PLAQ 2P ETEND BLACK NICKEL	213.00000000	empty.png	0	0.00000000	f	\N	\N	f
LG069036	PLAQ 3P ETEND BLACK NICKEL	284.00000000	empty.png	0	0.00000000	f	\N	\N	f
LG069038	PLAQ 2P 57MM BLACK NICKEL	158.00000000	empty.png	0	0.00000000	f	\N	\N	f
LG069041	PLAQUE 1P FURTIF	71.00000000	empty.png	0	0.00000000	f	\N	\N	f
LG069042	PLAQUE 2P FURTIF	142.00000000	empty.png	0	0.00000000	f	\N	\N	f
LG069043	PLAQUE 3P FURTIF	213.00000000	empty.png	0	0.00000000	f	\N	\N	f
LG069044	PLAQUE 4P FURTIF	284.00000000	empty.png	0	0.00000000	f	\N	\N	f
LG069051	PLAQUE 1P CHENE BLANCHI	71.00000000	empty.png	0	0.00000000	f	\N	\N	f
LG069052	PLAQUE 2P CHENE BLANCHI	142.00000000	empty.png	0	0.00000000	f	\N	\N	f
LG069053	PLAQUE 3P CHENE BLANCHI	213.00000000	empty.png	0	0.00000000	f	\N	\N	f
LG069054	PLAQUE 4P CHENE BLANCHI	284.00000000	empty.png	0	0.00000000	f	\N	\N	f
LG069055	PLAQ 2P ETEND CHENE BLANCHI	213.00000000	empty.png	0	0.00000000	f	\N	\N	f
LG069058	PLAQ 2P 57MM CHENE BLANCHI	156.00000000	empty.png	0	0.00000000	f	\N	\N	f
LG069101	PLAQUE 1P  INOX BROSSE	71.00000000	empty.png	0	0.00000000	f	\N	\N	f
LG069102	PLAQUE 2P  INOX BROSSE	142.00000000	empty.png	0	0.00000000	f	\N	\N	f
LG069103	PLAQUE 3P  INOX BROSSE	213.00000000	empty.png	0	0.00000000	f	\N	\N	f
LG069104	PLAQUE 4P  INOX BROSSE	284.00000000	empty.png	0	0.00000000	f	\N	\N	f
LG069105	PLAQUE 2P ETENDUE  INOX BROS.	213.00000000	empty.png	0	0.00000000	f	\N	\N	f
LG069106	PLAQUE 3P ETENDUE  INOX BROS.	284.00000000	empty.png	0	0.00000000	f	\N	\N	f
LG069107	PLAQUE GD FORMAT  INOX BROSSE	312.00000000	empty.png	0	0.00000000	f	\N	\N	f
LG069108	PLAQUE 2P 57MM  INOX BROSSE	156.00000000	empty.png	0	0.00000000	f	\N	\N	f
LG069109	PLAQUE 3P 57MM  INOX BROSSE	234.00000000	empty.png	0	0.00000000	f	\N	\N	f
LG069111	PLAQUE 1P  NICKEL VELOURS	71.00000000	empty.png	0	0.00000000	f	\N	\N	f
LG069112	PLAQUE 2P  NICKEL VELOURS	142.00000000	empty.png	0	0.00000000	f	\N	\N	f
LG069113	PLAQUE 3P  NICKEL VELOURS	213.00000000	empty.png	0	0.00000000	f	\N	\N	f
LG069114	PLAQUE 4P  NICKEL VELOURS	284.00000000	empty.png	0	0.00000000	f	\N	\N	f
LG069115	PLAQUE  2P ETENDUE  NICKEL VEL	213.00000000	empty.png	0	0.00000000	f	\N	\N	f
LG069118	PLAQUE 2P 57MM  NICKEL VELOURS	156.00000000	empty.png	0	0.00000000	f	\N	\N	f
LG069119	PLAQUE 3P 57MM  NICKEL VELOURS	234.00000000	empty.png	0	0.00000000	f	\N	\N	f
LG069122	PLAQUE 2P  VERRE MIROIR	190.00000000	empty.png	0	0.00000000	f	\N	\N	f
LG069123	PLAQUE 3P  VERRE MIROIR	285.00000000	empty.png	0	0.00000000	f	\N	\N	f
LG069124	PLAQUE 4P  VERRE MIROIR	380.00000000	empty.png	0	0.00000000	f	\N	\N	f
LG069125	PLAQUE 2P ETENDUE  VERRE MIR.	285.00000000	empty.png	0	0.00000000	f	\N	\N	f
LG069131	PLAQUE 1P BRONZE DORE	71.00000000	empty.png	0	0.00000000	f	\N	\N	f
LG069132	PLAQUE 2P BRONZE DORE	142.00000000	empty.png	0	0.00000000	f	\N	\N	f
LG069133	PLAQUE 3P BRONZE DORE	213.00000000	empty.png	0	0.00000000	f	\N	\N	f
LG069134	PLAQUE 4P BRONZE DORE	284.00000000	empty.png	0	0.00000000	f	\N	\N	f
RABALUX002779	ALETTA 3X40W (LUSTRE)	94.99000000	RABALUX002779.jpg	647705	75.00000000	f	FAR00010	SFAR00042	t
FIRSTTT40284G	FIRST TUBE PVC D.40	13.50000000	FIRSTTT40284G.jpg	637810	-834.00000000	f	FAR00003	SFAR00035	t
FIRSTTT10284G	FIRST TUBE PVC D.100	25.00000000	FIRSTTT10284G.jpg	637812	-1658.00000000	f	FAR00003	SFAR00035	t
EBE055315	APPLIQUE SANITAIRE Inter 2P+T EBENOID + TUBE LED 7W	45.00000000	EBE055315.jpg	638047	754.00000000	f	FAR00010	SFAR00036	t
RABALUX006145	DREAMBELLS 4 - 4X40W BRONZE (PLAFONNIER)	85.00000000	RABALUX006145.jpg	647707	49.00000000	f	FAR00010	SFAR00042	t
RABALUX006929	STACY 3 - 3XMAX 40W (PLAFONNIER)	55.00000000	RABALUX006929.jpg	647710	20.00000000	f	FAR00010	SFAR00042	t
1873	DURCISSEUR STANDARD 1KG (CT DE 6)	35.00000000	1873.jpg	652503	111.00000000	f	FAR00008	SFAR00028	t
LG069504	INTER TEMPO. A VOY. COMPO.	95.00000000	empty.png	0	-38.00000000	f	\N	\N	t
LG069517	INTER CREPUSC.GRIS COMPOS.	120.00000000	empty.png	0	-33.00000000	f	\N	\N	t
LG069221	PLAQUE 1P  ACAJOU	71.00000000	empty.png	0	0.00000000	f	\N	\N	f
LG069222	PLAQUE 2P  ACAJOU	142.00000000	empty.png	0	0.00000000	f	\N	\N	f
LG069223	PLAQUE 3P  ACAJOU	213.00000000	empty.png	0	0.00000000	f	\N	\N	f
LG069224	PLAQUE 4P  ACAJOU	284.00000000	empty.png	0	0.00000000	f	\N	\N	f
LG069225	PLAQUE 2P ETENDUE  ACAJOU	213.00000000	empty.png	0	0.00000000	f	\N	\N	f
LG069228	PLAQUE 2P 57MM  ACAJOU	156.00000000	empty.png	0	0.00000000	f	\N	\N	f
LG069229	PLAQUE 3P 57MM  ACAJOU	234.00000000	empty.png	0	0.00000000	f	\N	\N	f
LG069301	PLAQUE 1P  VERRE PIANO	95.00000000	empty.png	0	0.00000000	f	\N	\N	f
LG069302	PLAQUE 2P  VERRE PIANO	190.00000000	empty.png	0	0.00000000	f	\N	\N	f
LG069304	PLAQUE 4P  VERRE PIANO	380.00000000	empty.png	0	0.00000000	f	\N	\N	f
LG069305	PLAQUE  2P ETENDUE  VERRE PIA.	285.00000000	empty.png	0	0.00000000	f	\N	\N	f
LG069311	PLAQUE 1P  VERRE KAOLIN	95.00000000	empty.png	0	0.00000000	f	\N	\N	f
RABALUX006146	DREAMBELLS 6 - 6X40W BRONZE (PLAFONNIER)	124.99000000	RABALUX006146.jpg	647709	42.00000000	f	FAR00010	SFAR00042	t
LG069312	PLAQUE 2P  VERRE KAOLIN	190.00000000	empty.png	0	0.00000000	f	\N	\N	f
LG066632	PLAQUE 2P BLANC YESTERDAY	9.00000000	empty.png	0	0.00000000	f	\N	\N	t
LG066633	PLAQUE 3P BLANC YESTERDAY	13.50000000	empty.png	0	0.00000000	f	\N	\N	t
LG066634	PLAQUE 4P BLANC YESTERDAY	18.00000000	empty.png	0	0.00000000	f	\N	\N	t
LG066631	PLAQUE  1P BLANC YESTERDAY	3.20000000	empty.png	0	26.00000000	f	\N	\N	t
CEY1010009	APRÈS MASTIC FIRAKRYL 750ML GRIS (CT DE 6]	18.00000000	CEY1010009.jpg	652504	176.00000000	f	FAR00008	SFAR00043	t
LG066601	PLAQUE 1P GRIS PERLE	4.50000000	empty.png	0	0.00000000	f	\N	\N	f
LG066602	PLAQUE 2P GRIS PERLE	9.00000000	empty.png	0	0.00000000	f	\N	\N	f
LG066603	PLAQUE 3P GRIS PERLE	13.50000000	empty.png	0	0.00000000	f	\N	\N	f
LG066644	PLAQUE 4P TURQUOISE 50S	18.00000000	empty.png	0	0.00000000	f	\N	\N	f
LG066666	PLAQUE 2P ETENDUE VIOLET 90S	13.50000000	empty.png	0	0.00000000	f	\N	\N	f
LG066669	PLAQUE 3P 57MM VIOLET 90S	15.00000000	empty.png	0	0.00000000	f	\N	\N	f
LG066674	PLAQUE 4P JAUNE TODAY	18.00000000	empty.png	0	0.00000000	f	\N	\N	f
LG066676	PLAQUE 2P ETENDUE JAUNE TODAY	13.50000000	empty.png	0	0.00000000	f	\N	\N	f
LG066679	PLAQUE 3P 57MM JAUNE TODAY	15.00000000	empty.png	0	0.00000000	f	\N	\N	f
LG066682	PLAQUE 2P NOIR	9.00000000	empty.png	0	0.00000000	f	\N	\N	f
LG066696	PLAQUE 2P ETEND. TURQUOISE 50S	13.50000000	empty.png	0	0.00000000	f	\N	\N	f
LG066702	PLAQUE 2P CRAIE	26.00000000	empty.png	0	0.00000000	f	\N	\N	f
LG066704	PLAQUE 4P CRAIE	51.50000000	empty.png	0	0.00000000	f	\N	\N	f
LG066705	PLAQ 2P ETENDUE CRAIE	38.50000000	empty.png	0	0.00000000	f	\N	\N	f
LG066706	PLAQ 3P ETENDUE CRAIE	51.50000000	empty.png	0	0.00000000	f	\N	\N	f
LG066708	PLAQUE 2P 57MM CRAIE	28.50000000	empty.png	0	0.00000000	f	\N	\N	f
LG066709	PLAQUE 3P 57MM CRAIE	42.50000000	empty.png	0	0.00000000	f	\N	\N	f
LG066711	PLAQUE 1P ARGILE	13.00000000	empty.png	0	0.00000000	f	\N	\N	f
LG066713	PLAQUE 3P ARGILE	38.50000000	empty.png	0	0.00000000	f	\N	\N	f
LG066715	PLAQ 2P ETENDUE ARGILE	38.50000000	empty.png	0	0.00000000	f	\N	\N	f
LG066716	PLAQ 3P ETENDUE ARGILE	51.50000000	empty.png	0	0.00000000	f	\N	\N	f
LG066718	PLAQUE 2P 57MM ARGILE	28.50000000	empty.png	0	0.00000000	f	\N	\N	f
LG066719	PLAQUE 3P 57MM ARGILE	42.50000000	empty.png	0	0.00000000	f	\N	\N	f
LG066721	PLAQUE 1P GRES	13.00000000	empty.png	0	0.00000000	f	\N	\N	f
LG066722	PLAQUE 2P GRES	26.00000000	empty.png	0	0.00000000	f	\N	\N	f
LG066723	PLAQUE 3P GRES	38.50000000	empty.png	0	0.00000000	f	\N	\N	f
LG066724	PLAQUE 4P GRES	51.50000000	empty.png	0	0.00000000	f	\N	\N	f
LG066725	PLAQ 2P ETENDUE GRES	38.50000000	empty.png	0	0.00000000	f	\N	\N	f
LG066726	PLAQ 3P ETENDUE GRES	51.50000000	empty.png	0	0.00000000	f	\N	\N	f
LG068606	PLAQUE 3.5 BLANC YESTERDAY	8.50000000	empty.png	0	0.00000000	f	\N	\N	f
LG068608	PLAQUE 2X2 BLANC YESTERDAY	20.00000000	empty.png	0	0.00000000	f	\N	\N	f
LG068609	PLAQUE 2X3 BLANC YESTERDAY	29.50000000	empty.png	0	0.00000000	f	\N	\N	f
LG068630	PLAQUE 1 MODULE BLANC YESTERD.	17.00000000	empty.png	0	0.00000000	f	\N	\N	f
LG068637	PLAQUE GD FORMAT BLANC YESTER.	20.00000000	empty.png	0	0.00000000	f	\N	\N	f
CEF12100010002	 Mastic econ 6x1.33kg (1.5kg brut) F4	15.00000000	CEF12100010002.jpg	652505	817.00000000	f	FAR00008	SFAR00043	t
LG070711	VV BLANC ARTIC COMPO.	21.50000000	empty.png	0	0.00000000	f	\N	\N	f
LG070721	2P+T F/B BLANC ARTIC COMPO.	23.50000000	empty.png	0	0.00000000	f	\N	\N	f
LG070724	PRISE TV FM SAT COMPO BL ARTIC	75.50000000	empty.png	0	0.00000000	f	\N	\N	f
LG070725	ADAPTATEUR MOSAIC BLANC ARTIC	32.50000000	empty.png	0	0.00000000	f	\N	\N	f
LG070727	INTER BIPO.BLANC ARTIC COMPO.	53.00000000	empty.png	0	0.00000000	f	\N	\N	f
LG070730	POUS.NO BLANC ARTIC COMPO.	25.50000000	empty.png	0	0.00000000	f	\N	\N	f
LG070732	POUS.NO LUM BLANC ARTIC COMPO.	38.00000000	empty.png	0	0.00000000	f	\N	\N	f
LG070733	POUS.NO PE LUM.BLC ARTIC COMPO	51.50000000	empty.png	0	0.00000000	f	\N	\N	f
LG070741	BOITIER 1P BLANC ARTIC	32.50000000	empty.png	0	0.00000000	f	\N	\N	f
LG067686	VOYANT LUMINEUX_230V	12.00000000	empty.png	0	-1.00000000	f	\N	\N	t
LG070742	BOITIER 2PH BLANC ARTIC	45.50000000	empty.png	0	0.00000000	f	\N	\N	f
LG070743	BOITIER 2PV BLANC ARTIC	45.50000000	empty.png	0	0.00000000	f	\N	\N	f
LG070749	SUPPORT 2PV.ENC BLANC ARTIC	29.50000000	empty.png	0	0.00000000	f	\N	\N	f
LG070792	PLAQUE 1P ENC BLANC ARTIC	16.00000000	empty.png	0	0.00000000	f	\N	\N	f
LG048871	ECO VARIATEUR 2FILS 400W NILOE	237.00000000	empty.png	0	0.00000000	f	\N	\N	f
LG049898	THERMOSTAT AMBIANCE SAIL.MEC.	162.00000000	empty.png	0	0.00000000	f	\N	\N	f
FAUREMA100ABLA	PAUMELLES MAROC 100 FAURE	6.00000000	empty.png	0	0.00000000	f	FAR00005	\N	t
CENI43724547	BRASSEUR D'AIR HUNTER INDUSTRIE 2 BLANC	248.00000000	CENI43724547.jpg	638673	864.00000000	f	FAR00007	SFAR00018	t
LG067001	VA ET VIENT 10AX	15.00000000	empty.png	0	-270.00000000	f	\N	\N	t
LG067111	PRISE 2P+T F/B BORNE AUTO	11.50000000	empty.png	0	-480.00000000	f	\N	\N	t
LG067181	SORTIE DE CABLE	20.00000000	empty.png	0	-75.00000000	f	\N	\N	t
ACEL5PSK	BLOC 5 PRISES +  INTERRUPTEUR	9.00000000	ACEL5PSK.jpg	643898	318.00000000	f	FAR00002	SFAR00019	t
LG008269	DISJONCTEUR DISMATIC 20A BLAN	215.00000000	empty.png	0	0.00000000	f	\N	\N	f
LG031796	GRIFFE SPECIALE VIS,ECROU	5.00000000	empty.png	0	0.00000000	f	\N	\N	f
LG069889	SORTIE CABLES 20A BORN. B.ENC.	90.00000000	empty.png	0	0.00000000	f	\N	\N	f
LG070788	SORTIE CABLE 16A BLC ARTIC ENC	70.50000000	empty.png	0	0.00000000	f	\N	\N	f
LG066729	PLAQUE 3P 57MM GRES	42.50000000	empty.png	0	0.00000000	f	\N	\N	f
LG066734	PLAQUE 4P SCHISTE	51.50000000	empty.png	0	0.00000000	f	\N	\N	f
LG066736	PLAQ 3P ETENDUE SCHISTE	51.50000000	empty.png	0	0.00000000	f	\N	\N	f
LG066740	PLAQUE 1P ECLIPSE	13.00000000	empty.png	0	0.00000000	f	\N	\N	f
LG066741	PLAQUE 1P BASALTE	13.00000000	empty.png	0	0.00000000	f	\N	\N	f
LG066742	PLAQUE 2P BASALTE	26.00000000	empty.png	0	0.00000000	f	\N	\N	f
LG066728	PLAQUE 2P 57MM GRES	28.50000000	empty.png	0	0.00000000	f	\N	\N	f
LG066731	PLAQUE 1P SCHISTE	13.00000000	empty.png	0	0.00000000	f	\N	\N	f
LG066732	PLAQUE 2P SCHISTE	26.00000000	empty.png	0	0.00000000	f	\N	\N	f
LG066733	PLAQUE 3P SCHISTE	38.50000000	empty.png	0	0.00000000	f	\N	\N	f
LG066735	PLAQ 2P ETENDUE SCHISTE	38.50000000	empty.png	0	0.00000000	f	\N	\N	f
LG066738	PLAQUE 2P 57MM SCHISTE	28.50000000	empty.png	0	0.00000000	f	\N	\N	f
LG066739	PLAQUE 3P 57MM SCHISTE	42.50000000	empty.png	0	0.00000000	f	\N	\N	f
LG066743	PLAQUE 3P BASALTE	38.50000000	empty.png	0	0.00000000	f	\N	\N	f
LG066744	PLAQUE 4P BASALTE	51.50000000	empty.png	0	0.00000000	f	\N	\N	f
LG066745	PLAQUE  2P ETENDUE BASALTE	38.50000000	empty.png	0	0.00000000	f	\N	\N	f
LG066746	PLAQ 3P ETENDUE BASALTE	51.50000000	empty.png	0	0.00000000	f	\N	\N	f
LG066748	PLAQUE 2P 57MM BASALTE	28.50000000	empty.png	0	0.00000000	f	\N	\N	f
LG066749	PLAQUE 3P 57MM BASALTE	42.50000000	empty.png	0	0.00000000	f	\N	\N	f
LG066751	PLAQUE 1P  BORDEAUX	13.00000000	empty.png	0	0.00000000	f	\N	\N	f
LG068808	PLAQUE 2P 57MM BLANC YESTERDAY	10.00000000	empty.png	0	0.00000000	f	\N	\N	f
LG068809	PLAQUE 3P 57MM BLANC YESTERDAY	15.00000000	empty.png	0	0.00000000	f	\N	\N	f
LG067663	VOYANT LUMINEUX OBUS VERT	32.00000000	empty.png	0	0.00000000	f	\N	\N	f
LG067664	PRMOSAIC VOYANT LUM OBUS BLANC	49.00000000	empty.png	0	0.00000000	f	\N	\N	f
LG067666	VOYANT LUMINEUX 230V	23.00000000	empty.png	0	0.00000000	f	\N	\N	f
LG067668	VOYANT TEMOIN 230V	23.00000000	empty.png	0	0.00000000	f	\N	\N	f
LG067685	VOYANT TEMOIN CABLEXIST_230V	30.50000000	empty.png	0	0.00000000	f	\N	\N	f
LG067687	VOYANT LUMINEUX_12/24/48V	23.00000000	empty.png	0	0.00000000	f	\N	\N	f
LG067688	VOYANT TEMOIN PHASDISTRI_230V	23.00000000	empty.png	0	0.00000000	f	\N	\N	f
LG067689	VOYANT TEMOIN 12/24/48V	22.50000000	empty.png	0	0.00000000	f	\N	\N	f
LG067774	CDE SS FIL ON/OFF DOUBLE TITAN	169.50000000	empty.png	0	0.00000000	f	\N	\N	f
LG068600	VALISE FINITIONS CELIANE	2365.00000000	empty.png	0	0.00000000	f	\N	\N	f
LG067031	POUSSOIR INVERSEUR 6A	26.00000000	empty.png	0	0.00000000	f	\N	\N	f
LG067110	PRISE 2P	13.00000000	empty.png	0	0.00000000	f	\N	\N	f
LG067113	PRISE 2P+T F/B BORNE VIS	16.50000000	empty.png	0	0.00000000	f	\N	\N	f
GRK9581I	DISTRUBUTEUR MF 3/4 MINI VANNES 6 SORTIES	48.50000000	GRK9581I.jpg	639805	182.00000000	f	FAR00003	SFAR00040	t
LG031490	SORT.DE CABLES 20/32A 95X95MM	10.00000000	empty.png	0	-46.00000000	f	\N	\N	t
CEF15241000006	MASTIC FIBRE GLASS R (6x1.23 kg)	15.00000000	CEF15241000006.jpg	652508	937.00000000	f	FAR00008	SFAR00043	t
EXPORT 891-50	PINCEAU DOUBLE 50 MANCHE BOIS	3.00000000	empty.png	0	0.00000000	f	FAR00004	\N	f
LG067388	PRISE TV / RD / SAT	73.00000000	empty.png	0	-30.00000000	f	\N	\N	t
PW16520	VIADIS 150 X 60 BA	103.00000000	PW16520.jpg	639061	45.00000000	f	FAR00002	SFAR00003	t
ACEL6PSK	BLOC 6 PRISES +  INTERRUPTEUR	10.00000000	ACEL6PSK.jpg	643899	-152.00000000	f	FAR00002	SFAR00019	t
LG068001	ENJO.BLANC COUPURE SIMPLE	3.50000000	empty.png	0	-200.00000000	f	\N	\N	t
LG068002	ENJO.BLANC COUPURE DOUBLE	11.50000000	empty.png	0	-40.00000000	f	\N	\N	t
LG068111	ENJO 2P+T FB SURFACE BLANC	3.00000000	empty.png	0	-480.00000000	f	\N	\N	t
LG068141	ENJ.BLANC SORTIE DE CABLE	8.00000000	empty.png	0	-70.00000000	f	\N	\N	t
LG068285	ENJ.BLANC PRISE TV/RD/SAT	8.00000000	empty.png	0	-30.00000000	f	\N	\N	t
CDFIL1.5VERTJAUNE	ROULEAU FIL 1.5 VERT JAUNE 100M	35.00000000	CDFIL1.5VERTJAUNE.jpg	637932	-3664.50000000	f	FAR00002	SFAR00034	t
FIRSTTT50284	FIRST TUBE PVC D.50	17.50000000	FIRSTTT50284.jpg	637811	-856.00000000	f	FAR00003	SFAR00035	t
LG064861	ENJO RCA INPUT GRAPH	13.50000000	empty.png	0	0.00000000	f	\N	\N	f
LG064868	ENJO PRISE BUS 8-POLES GRAPH	13.50000000	empty.png	0	0.00000000	f	\N	\N	f
LG067338	PRISE TELEPHONE EN TE FRANCE	34.00000000	empty.png	0	0.00000000	f	\N	\N	f
LG067380	PRISE TV SIMPLE FICHE "F"	27.50000000	empty.png	0	0.00000000	f	\N	\N	f
LG067382	PRISE TV SIMPLE	24.50000000	empty.png	0	0.00000000	f	\N	\N	f
LG067601	INTERRUPTEUR VR / STORES	64.50000000	empty.png	0	0.00000000	f	\N	\N	f
LG067602	POUSSOIR VR / STORES	75.50000000	empty.png	0	0.00000000	f	\N	\N	f
LG067603	POUSSOIR VOLETS ROULANTS	69.50000000	empty.png	0	0.00000000	f	\N	\N	f
LG067901	ENJO CDE SIMPLE GRAPHITE	8.00000000	empty.png	0	0.00000000	f	\N	\N	f
LG067902	ENJO CDE DOUBLE GRAPHITE	16.00000000	empty.png	0	0.00000000	f	\N	\N	f
LG067903	ENJO CDE VOYANT SIMPLE GRAPH	24.00000000	empty.png	0	0.00000000	f	\N	\N	f
LG067088	VARIATEUR VENTILATEURS 400W	494.00000000	empty.png	0	-92.00000000	f	\N	\N	t
EXPORT891-50	PINCEAU DOUBLE 50 MANCHE BOIS	3.00000000	empty.png	0	0.00000000	f	FAR00004	\N	t
SKU217351	AMPOULE LED 10.5W=75W BLANC FROID 6500K	5.00000000	SKU217351.jpg	638927	-4327.00000000	f	FAR00010	SFAR00013	t
ACCA01NK	CYLINDRE 60MM 3 CLES	6.00000000	empty.png	0	0.00000000	f	FAR00005	\N	t
NG30063924	TPC ROUGE Ø50 - 50M	60.00000000	NG30063924.jpg	638334	30.00000000	f	FAR00002	SFAR00029	t
FLEXSHATTAFCRF	SHATTAF KIT FLEXTUBE CROMADO	15.00000000	FLEXSHATTAFCRF.jpg	569278	-477.00000000	f	FAR00003	SFAR00010	t
NEGOS11131225L	RETUBE Ø12 25M BLEU	40.00000000	NEGOS11131225L.jpg	637842	84.00000000	f	FAR00003	SFAR00024	t
LG030015	MOULURE 32X12,5 SANS CLOISON 2M BLANCHE	5.00000000	LG030015.jpg	638561	1908.00000000	f	FAR00002	SFAR00003	t
EDS3047404215064	ROBINET CHASE EAU F3/8 M3/8  M1/2	17.50000000	empty.png	0	-88.00000000	f	FAR00003	SFAR00012	t
SCHR9H13402	Resi9 COFFRET SAILLIE BLANC 2X13 SANS PORTE SCHNEIDER	42.50000000	SCHR9H13402.jpg	639547	-9.00000000	f	FAR00002	SFAR00030	t
SKU471	PROJECTEUR 50W + DETECTEUR DE MOUVEMENT	98.00000000	SKU471.jpg	569624	-31.00000000	f	FAR00002	SFAR00004	t
CENI123113	BOITE AUX LETTRES KUBE SIMPLE FACE BEIGE	48.00000000	CENI123113.jpg	637864	22.00000000	f	FAR00007	SFAR00020	t
PRYSM20032296	CABLE 3x240+95mm² (H1XDV-AS) AU METRE	45.00000000	empty.png	0	1500.00000000	f	FAR00002	SFAR00034	t
LG067352	PRISE USB	150.50000000	empty.png	0	0.00000000	f	\N	\N	f
LG067392	PRISE TV SAT CELIANE	52.50000000	empty.png	0	0.00000000	f	\N	\N	f
LG067053	INTERRUPTEUR HORAIRE	666.00000000	empty.png	0	0.00000000	f	\N	\N	f
LG067061	TELERUPTEUR	174.00000000	empty.png	0	0.00000000	f	\N	\N	f
LG067068	LAMPE AUTONOME DEBROCHABLE	92.50000000	empty.png	0	0.00000000	f	\N	\N	f
LG067080	VARIATEUR 1-10V NEUTRE CELIANE	184.00000000	empty.png	0	0.00000000	f	\N	\N	f
LG067082	VARIATEUR 2FILS BASIC CELIANE	128.50000000	empty.png	0	0.00000000	f	\N	\N	f
LG067083	ECOVARIATEUR 2FILS CELIANE	193.00000000	empty.png	0	0.00000000	f	\N	\N	f
CE01170306	ESCABEAU ALU ARTUB NF - 6 MARCHES	125.00000000	CE01170306.jpg	638239	-27.00000000	f	FAR00007	SFAR00037	t
LG600042	CADRE SAILLIE 2 POSTES BLANC	12.00000000	empty.png	0	-28.00000000	f	\N	\N	t
LG600358	TV SAT ET RJ45 CAT6 STP BLANC	40.00000000	empty.png	0	-206.00000000	f	\N	\N	t
THERMACELM35	LAVE-MAINS EKO 35 NF BLANC NU	30.00000000	THERMACELM35.jpg	638684	33.00000000	f	FAR00009	SFAR00016	t
BENECIS103923WCAVEIR	PACK WC AVEIRO NF nu (SANS ROBINET SANS PIPE)	160.00000000	BENECIS103923WCAVEIR.jpg	638705	-152.00000000	f	FAR00009	SFAR00015	t
ACELB4PS	BLOC 4 PRISES SIMPLE + câble 1m	7.00000000	ACELB4PS.jpg	643886	37.00000000	f	FAR00002	SFAR00019	t
GRK9581L	DISTRIBUTEUR MF 3/4 MINI VANNES 8 SORTIES	78.00000000	GRK9581L.jpg	639812	112.00000000	f	FAR00003	SFAR00040	t
CENI43750623	BRASSEUR D'AIR HUNTER PROTOS BLANC	198.00000000	CENI43750623.jpg	573614	6.00000000	f	FAR00007	SFAR00018	t
AQWA GLUE BOARD	AQWA COLLE RAT	4.00000000	AQWA GLUE BOARD.jpg	638972	-1.00000000	f	FAR00007	SFAR00039	t
NEGOS1131625L	RETUBE Ø16 25M ROUGE	54.00000000	NEGOS1131625L.jpg	637837	69.00000000	f	FAR00003	SFAR00024	t
SKU408	PROJECTEUR LED 50W	60.00000000	SKU408.jpg	569564	-59.00000000	f	FAR00002	SFAR00004	t
FIRSTTT12284G	FIRST TUBE PVC D.125	37.50000000	FIRSTTT12284G.jpg	637813	-332.00000000	f	FAR00003	SFAR00035	t
LG069831	2P+T F/B GRIS ENCASTRE	14.00000000	empty.png	0	-4843.00000000	f	\N	\N	t
LG067806	ENJO.SORTIE CABLE IP44 BLANC	28.50000000	empty.png	0	0.00000000	f	\N	\N	f
LG067651	VOYANT SIGNALISATION	74.50000000	empty.png	0	0.00000000	f	\N	\N	f
S2PCPEINTECLATBLANC	PEINT ECLAT BLANC 3KG	35.00000000	S2PCPEINTECLATBLANC.jpg	569207	57.00000000	f	FAR00004	SFAR00006	t
NEGOS1131250S	RETUBE Ø12 50M ROUGE	65.00000000	NEGOS1131250S.jpg	637840	188.00000000	f	FAR00003	SFAR00024	t
SCHR9H13404	Resi9 COFFRET SAILLIE BLANC 4X13 SANS PORTE SCHNEIDER	88.00000000	SCHR9H13404.jpg	639549	20.00000000	f	FAR00002	SFAR00030	t
NG30064324	TPC ROUGE Ø63 - 50M	70.00000000	NG30064324.jpg	638335	19.00000000	f	FAR00002	SFAR00029	t
LG600041	CADRE SAILLIE 1 POSTE BLANC	10.00000000	empty.png	0	-832.00000000	f	\N	\N	t
LG068088	ENJO. VARIATEUR VENTIL. BLANC	13.50000000	empty.png	0	-92.00000000	f	\N	\N	t
CENI43724241	BRASSEUR D'AIR HUNTER CARERA 132cm GRAPHITE 3 PALES	225.00000000	CENI43724241.jpg	637853	41.00000000	f	FAR00007	SFAR00018	t
GECOLJUNTAF	JOINT CARRELAGE GECOL JUNTA-F  PLUS FINA BLANC	14.50000000	GECOLJUNTAF.jpg	638915	-48.00000000	f	FAR00007	SFAR00039	t
CE01170305	ESCABEAU ALU ARTUB NF - 5 MARCHES	98.00000000	CE01170305.jpg	638234	-13.00000000	f	FAR00007	SFAR00037	t
LG067964	ENJO CMD CHEVET GRAPH	18.00000000	empty.png	0	0.00000000	f	\N	\N	f
RABALUX005417	FA UFO BROWN (PLAFONNIER)	24.99000000	RABALUX005417.jpg	647183	105.00000000	f	FAR00010	SFAR00042	t
S2PCPEINTECLAT3KGGR	PEINT ECLAT GRIS CLAIR 3KG	35.00000000	S2PCPEINTECLAT3KGGR.jpg	569197	0.00000000	f	FAR00004	SFAR00006	t
LG001922	COFFRET PLEXO3 ÉTANCHE IP65 2X12MODULES	155.00000000	LG001922.jpg	639045	-11.00000000	f	FAR00002	SFAR00030	t
SKUVT-2095	AMPOULE LED GU10 35W JEU DE 3 AMPOULES	15.00000000	SKUVT-2095.jpg	638106	-214.00000000	f	FAR00010	SFAR00013	t
NEGOS11131625L	RETUBE Ø16 25M BLEU	54.00000000	NEGOS11131625L.jpg	637825	27.00000000	f	FAR00003	SFAR00024	t
LG068225	ENJ.BLANC DIFF.SON EXT TUNER	21.50000000	empty.png	0	0.00000000	f	\N	\N	f
LG069001	PLAQUE 1P  ANTIMICROBIEN	12.00000000	empty.png	0	0.00000000	f	\N	\N	f
LG069002	PLAQUE 2P  ANTIMICROBIEN	24.00000000	empty.png	0	0.00000000	f	\N	\N	f
LG069003	PLAQUE 3P  ANTIMICROBIEN	36.00000000	empty.png	0	0.00000000	f	\N	\N	f
LG069071	PLAQUE 1P  IP44 BLANC	21.00000000	empty.png	0	0.00000000	f	\N	\N	f
LG069072	PLAQUE IP44 / 2 POSTES - BLANC	42.00000000	empty.png	0	0.00000000	f	\N	\N	f
LG068540	ENJ.TITA THERMOSTAT STD HV/AC	12.50000000	empty.png	0	-30.00000000	f	\N	\N	t
NEGOS11131650A	RETUBE Ø16 50M  BLEU	85.00000000	NEGOS11131650A.jpg	637822	166.00000000	f	FAR00003	SFAR00024	t
BENECISREFOPLAH	REFOPLAN CIMENT RAGRÉAGE FINITION BÉTON 25KG	17.00000000	BENECISREFOPLAH.jpg	638881	115.00000000	f	FAR00007	SFAR00039	t
CDFIL2.5NOIR	 FIL 2.5 NOIR 100M	56.50000000	CDFIL2.5NOIR.jpg	637940	-232.00000000	f	FAR00002	SFAR00034	t
LG600021	INTER VOLETS ROULANTS BLANC AVEC PLAQUE	40.00000000	empty.png	0	-176.00000000	f	\N	\N	t
RABALUX007647	ETRUSCO (MURAL)	19.99000000	RABALUX007647.jpg	647167	334.00000000	f	FAR00010	SFAR00042	t
PER16M100ROUGE	RETUBE Ø16 100M ROUGE	130.00000000	PER16M100ROUGE.jpg	637830	90.00000000	f	FAR00003	SFAR00024	t
LG068520	ENJ.TITA DIFF SON INDIV.TUNER	12.50000000	empty.png	0	0.00000000	f	\N	\N	f
LG069075	PLAQUE 2P ETENDUE COPPER	71.50000000	empty.png	0	0.00000000	f	\N	\N	f
LG069076	PLAQUE 3P ETENDUE COPPER	95.00000000	empty.png	0	0.00000000	f	\N	\N	f
LG069078	PLAQUE 2X2 POSTE COPPER	104.50000000	empty.png	0	0.00000000	f	\N	\N	f
LG069079	PLAQUE 2X3 POSTE COPPER	156.50000000	empty.png	0	0.00000000	f	\N	\N	f
LG069085	PLAQUE 2P ETENDUE VIOLET IRISE	71.50000000	empty.png	0	0.00000000	f	\N	\N	f
LG069086	PLAQUE 3P ETENDUE VIOLET IRISE	95.00000000	empty.png	0	0.00000000	f	\N	\N	f
LG069088	PLAQUE 2X2 POSTE VIOLET IRISE	104.50000000	empty.png	0	0.00000000	f	\N	\N	f
LG069089	PLAQUE 2X3 POSTE VIOLET IRISE	156.50000000	empty.png	0	0.00000000	f	\N	\N	f
LG069121	PLAQUE 1P  VERRE MIROIR	95.00000000	empty.png	0	0.00000000	f	\N	\N	f
LG069011	PLAQUE 1P CORIAN CANNELE	95.00000000	empty.png	0	0.00000000	f	\N	\N	f
LG069012	PLAQUE 2P CORIAN CANNELE	190.00000000	empty.png	0	0.00000000	f	\N	\N	f
LG069013	PLAQUE 3P CORIAN CANNELE	285.00000000	empty.png	0	0.00000000	f	\N	\N	f
LG069014	PLAQUE 4P CORIAN CANNELE	380.00000000	empty.png	0	0.00000000	f	\N	\N	f
LG069015	PLAQUE 2P ETEND CANNELE	285.00000000	empty.png	0	0.00000000	f	\N	\N	f
LG069021	PLAQUE 1P CORIAN GOUGE	95.00000000	empty.png	0	0.00000000	f	\N	\N	f
LG069022	PLAQUE 2P CORIAN GOUGE	190.00000000	empty.png	0	0.00000000	f	\N	\N	f
LG069023	PLAQUE 3P CORIAN GOUGE	285.00000000	empty.png	0	0.00000000	f	\N	\N	f
LG069024	PLAQUE 4P CORIAN GOUGE	380.00000000	empty.png	0	0.00000000	f	\N	\N	f
LG069025	PLAQ 2P ETEND CORIAN GOUGE	285.00000000	empty.png	0	0.00000000	f	\N	\N	f
BENECIS30604618	BOSTIK ENDUIT 4 en 1 / 25 KG	50.00000000	BENECIS30604618.jpg	638954	-92.00000000	f	FAR00007	SFAR00039	t
EDS3456630013137	EDS MITIGEUR LAVABO ATHENA	30.00000000	empty.png	0	-98.00000000	f	FAR00003	SFAR00012	t
LG089592	COUV.DCL BATIBOX BETON  D80MM	12.00000000	empty.png	0	-1740.00000000	f	\N	\N	t
ACELB5PS	BLOC 5 PRISES SIMPLE + câble 1m	8.00000000	ACELB5PS.jpg	643890	-1102.00000000	f	FAR00002	SFAR00019	t
THERMASALA60	LAVABO AVEIRO 60cm BLANC NU+ COLONNE NF	99.00000000	THERMASALA60.jpg	638709	-51.00000000	f	FAR00009	SFAR00014	t
RS32DUMAS	COUPE COUPE 32 DUMAS LAME 30CM	35.00000000	RS32DUMAS.jpg	638801	-3768.00000000	f	FAR00007	SFAR00033	t
LG069848	SORTIE CABLES 16A GRIS ENCAST.	24.00000000	empty.png	0	-279.00000000	f	\N	\N	t
SKU414	PROJECTEUR LED 100W	85.00000000	SKU414.jpg	569573	-152.00000000	f	FAR00002	SFAR00004	t
LG068973	PLAQUE 3P TUNGSTENE	71.50000000	empty.png	0	0.00000000	f	\N	\N	f
ARMOULD07116	IRL TUBIRO DE 16 EN 3M (25P)	2.00000000	ARMOULD07116.jpg	637807	-776.00000000	f	FAR00002	SFAR00027	t
LG600047	GRIFFE PROF 30 MM	1.50000000	empty.png	0	-2937.00000000	f	\N	\N	t
FIRSTTT32284G	FIRST TUBE PVC D.32	12.00000000	FIRSTTT32284G.jpg	637809	-535.00000000	f	FAR00003	SFAR00035	t
ROUSSEAU841419429305	HEBE DOUCHETTE NOIRE ANTI CALCAIRE COMPLET	27.50000000	ROUSSEAU841419429305.jpg	639099	-266.00000000	f	FAR00003	SFAR00010	t
LG067717	SORTIE DE CABLE COMPLET	32.00000000	empty.png	0	-1.00000000	f	\N	\N	t
LG069135	PLAQUE 2P 57MM BRONZE DORE	213.00000000	empty.png	0	0.00000000	f	\N	\N	f
LG069201	PLAQUE 1P  TEINTE WENGUE	71.00000000	empty.png	0	0.00000000	f	\N	\N	f
LG069202	PLAQUE 2P  TEINTE WENGUE	142.00000000	empty.png	0	0.00000000	f	\N	\N	f
LG069203	PLAQUE 3P  TEINTE WENGUE	213.00000000	empty.png	0	0.00000000	f	\N	\N	f
LG069204	PLAQUE 4P  TEINTE WENGUE	284.00000000	empty.png	0	0.00000000	f	\N	\N	f
LG069205	PLAQUE  2P ETENDUE WENGUE	213.00000000	empty.png	0	0.00000000	f	\N	\N	f
LG069208	PLAQUE 2P 57MM  TEINTE WENGUE	156.00000000	empty.png	0	0.00000000	f	\N	\N	f
LG069211	PLAQUE 1P  ERABLE	71.00000000	empty.png	0	0.00000000	f	\N	\N	f
LG069212	PLAQUE 2P  ERABLE	142.00000000	empty.png	0	0.00000000	f	\N	\N	f
LG069213	PLAQUE 3P  ERABLE	213.00000000	empty.png	0	0.00000000	f	\N	\N	f
LG069214	PLAQUE 4P  ERABLE	284.00000000	empty.png	0	0.00000000	f	\N	\N	f
LG069215	PLAQUE  2P ETENDUE  ERABLE	213.00000000	empty.png	0	0.00000000	f	\N	\N	f
LG069218	PLAQUE 2P 57MM  ERABLE	156.00000000	empty.png	0	0.00000000	f	\N	\N	f
LG069219	PLAQUE 3P 57MM  ERABLE	234.00000000	empty.png	0	0.00000000	f	\N	\N	f
S2PCPEINTECLATBLAN	PEINT ECLAT BLANC 1KG	15.00000000	S2PCPEINTECLATBLAN.jpg	569205	347.00000000	f	FAR00004	SFAR00005	t
LG600031	TRANSFORMEUR SIMPLE BLANC	15.00000000	empty.png	0	-40.00000000	f	\N	\N	t
LG067718	SORTIE DE CABLE	37.00000000	empty.png	0	0.00000000	f	\N	\N	f
LG064888	MICROMODULE CONNECTE ON/OFF	101.50000000	empty.png	0	0.00000000	f	\N	\N	f
LG067701	VA ET VIENT 10 AX COMPLET	22.50000000	empty.png	0	0.00000000	f	\N	\N	f
LG067702	DOUBLE VA VIENT 10 AX COMPLET	45.50000000	empty.png	0	0.00000000	f	\N	\N	f
LG067703	VA VIENT 10AX VOYANT COMPLET	61.50000000	empty.png	0	0.00000000	f	\N	\N	f
LG067704	VV + VV TEMOIN COMPLET BLANC	78.50000000	empty.png	0	0.00000000	f	\N	\N	f
LG067705	VV + POUSSOIR INV COMPLET	56.50000000	empty.png	0	0.00000000	f	\N	\N	f
LG067711	PRISE 2P+T F/B B AUTO COMPLET	18.50000000	empty.png	0	0.00000000	f	\N	\N	f
LG067713	PRISE 2P+T STD COMPLET BLANCHE	18.50000000	empty.png	0	0.00000000	f	\N	\N	f
LG067715	CHARG 2USB A+A 2.4A 12W BL C.	88.00000000	empty.png	0	0.00000000	f	\N	\N	f
LG067727	POUSSOIR PE COMPLET BLANC	66.00000000	empty.png	0	0.00000000	f	\N	\N	f
LG067729	POUSSOIR VMC BLANC	38.00000000	empty.png	0	0.00000000	f	\N	\N	f
LG067731	POUSSOIR INVERSEUR COMPLET	33.50000000	empty.png	0	0.00000000	f	\N	\N	f
LG067733	POUSSOIR INV VOYANT COMPLET	72.00000000	empty.png	0	0.00000000	f	\N	\N	f
LG067737	PRISE TELEPHONE RJ45 COMPLET	48.50000000	empty.png	0	0.00000000	f	\N	\N	f
LG067738	PRISE 8 CONTACTS EN TE COMPLET	43.00000000	empty.png	0	0.00000000	f	\N	\N	f
LG067751	INTERRUPTEUR VR COMPLET	89.00000000	empty.png	0	0.00000000	f	\N	\N	f
LG067752	POUSSOIR VR COMPLET	106.00000000	empty.png	0	0.00000000	f	\N	\N	f
LG067782	PRISE TV SIMPL.D.9,52 COMPLET	32.00000000	empty.png	0	0.00000000	f	\N	\N	f
LG067788	PRISE TV/RD/SAT COMPLET	85.00000000	empty.png	0	0.00000000	f	\N	\N	f
LG067793	ECO DETECT. SS DEROG CPLT BLC	108.50000000	empty.png	0	0.00000000	f	\N	\N	f
LG067795	OBTURATEUR COMPLET	12.00000000	empty.png	0	0.00000000	f	\N	\N	f
ACEL4PSK	BLOC 4 PRISES +  INTERRUPTEUR	8.50000000	ACEL4PSK.jpg	643895	361.00000000	f	FAR00002	SFAR00019	t
NEGOS1131225L	RETUBE Ø12 25M ROUGE	40.00000000	NEGOS1131225L.jpg	637844	126.00000000	f	FAR00003	SFAR00024	t
CDFIL2.5ORANGE	FIL 2.5 ORANGE 100M	56.50000000	CDFIL2.5ORANGE.jpg	637941	-22.00000000	f	FAR00002	SFAR00034	t
\.


--
-- Data for Name: order_lines; Type: TABLE DATA; Schema: public; Owner: postgres
--

COPY public.order_lines (id, order_id, item_id, user_id, quantity, inserted_at, updated_at) FROM stdin;
1	20240209153	HAGGBD5013109016	\N	1	2024-02-09 19:59:47	2024-02-09 19:59:47
2	20240212990	NG10042724	\N	1	2024-02-12 12:59:24	2024-02-12 12:59:24
3	20240212294	EDS3456630013267	\N	1	2024-02-12 13:22:58	2024-02-12 13:22:58
4	20240213854	RS32DUMAS	\N	1	2024-02-13 19:33:21	2024-02-13 19:33:21
5	20240214578	AQWA GLUE BOARD	\N	1	2024-02-14 14:26:42	2024-02-14 14:26:42
6	20240225845	NEGOS11131650A	\N	1	2024-02-26 02:34:21	2024-02-26 02:34:21
7	20240225845	NEGOS11131250S	\N	1	2024-02-26 02:35:10	2024-02-26 02:35:10
8	20240225845	PER12100MROUGE	\N	1	2024-02-26 02:35:52	2024-02-26 02:35:52
10	20240308759	RABALUX002779	\N	1	2024-03-08 19:41:53	2024-03-08 19:41:53
11	20240313914	LG11500	\N	25	2024-03-13 14:56:56	2024-03-13 14:56:56
12	20240318556	EDS3047404056322	\N	1	2024-03-18 09:53:54	2024-03-18 09:53:54
13	20240318556	EDS8414194401314	\N	1	2024-03-18 09:54:10	2024-03-18 09:54:10
14	20240318556	S2PCBATIPEINT20KG	\N	1	2024-03-18 09:55:34	2024-03-18 09:55:34
15	20240318556	ACLP6004	\N	1	2024-03-18 09:57:03	2024-03-18 09:57:03
16	20240318556	RABALUX007648	\N	1	2024-03-18 09:58:10	2024-03-18 09:58:10
17	20240321149	SKU462	\N	1	2024-03-21 16:08:24	2024-03-21 16:08:24
18	20240321539	GRK9581A	\N	1	2024-03-21 20:45:25	2024-03-21 20:45:25
19	20240322622	HAGATA205009016	\N	5	2024-03-22 11:58:08	2024-03-22 11:58:08
20	20240322974	LG11500	\N	15	2024-03-22 20:54:35	2024-03-22 20:54:35
22	20240326937	CEF15241000006	\N	1	2024-03-26 14:38:40	2024-03-26 14:38:40
23	20240403820	GRK9581K	\N	1	2024-04-03 20:34:09	2024-04-03 20:34:09
24	20240403553	GRK9581K	\N	1	2024-04-03 21:10:52	2024-04-03 21:10:52
25	20240404710	S2PCPEINTECLAT3KGORA	\N	1	2024-04-04 13:45:05	2024-04-04 13:45:05
26	20240408269	S2PCPEINTECLATPIERR3	\N	4	2024-04-08 18:56:13	2024-04-08 12:56:21
27	20240411841	HAGGD113A	\N	1	2024-04-11 20:17:40	2024-04-11 20:17:40
28	20240414324	S2PCBATIPEINT20KG	\N	1	2024-04-15 01:44:41	2024-04-15 01:44:41
29	20240416319	LG68033	\N	1	2024-04-16 10:13:40	2024-04-16 10:13:40
30	20240420729	ICTA2025M	\N	1	2024-04-20 22:08:35	2024-04-20 22:08:35
31	20240422748	LG11500	\N	60	2024-04-22 23:40:36	2024-04-22 23:40:36
32	20240425366	NG32083324	\N	1	2024-04-25 15:52:06	2024-04-25 15:52:06
33	20240426576	SKU462	\N	1	2024-04-27 02:12:55	2024-04-27 02:12:55
34	20240505403	DIGILEDFAN-8115	\N	1	2024-05-05 18:12:49	2024-05-05 18:12:49
35	20240506767	EDS3456630013267	\N	1	2024-05-06 13:55:51	2024-05-06 13:55:51
36	20240514442	S2PCBATIPEINT20KG	\N	1	2024-05-14 21:40:38	2024-05-14 21:40:38
37	20240521200	NEGOS11131250S	\N	1	2024-05-21 18:34:13	2024-05-21 18:34:13
38	20240521200	NEGOS1131225L	\N	1	2024-05-21 18:35:35	2024-05-21 18:35:35
39	20240522847	DIGILEDFAN-8115	\N	1	2024-05-22 03:17:42	2024-05-22 03:17:42
40	20240522290	ACEL4PSK	\N	1	2024-05-22 11:51:17	2024-05-22 11:51:17
41	20240523255	S2PCPEINTECLATBLAN	\N	1	2024-05-23 04:46:31	2024-05-23 04:46:31
42	20240523255	S2PCBATIPEINT20KG	\N	1	2024-05-23 04:48:57	2024-05-23 04:48:57
43	20240523255	S2PCNOIR 3KG	\N	1	2024-05-23 04:50:37	2024-05-23 04:50:37
44	20240524835	CDCABLE4X25METRE	\N	1	2024-05-25 02:29:52	2024-05-25 02:29:52
45	20240527398	NG30064324	\N	1	2024-05-27 17:20:07	2024-05-27 17:20:07
46	20240611600	NEGOS11131650A	\N	1	2024-06-12 01:47:32	2024-06-12 01:47:32
47	20240611600	NEGOS1131650A	\N	1	2024-06-12 01:53:32	2024-06-12 01:53:32
49	20240616321	S2PCBATIPEINT20KG	\N	1	2024-06-17 02:38:09	2024-06-17 02:38:09
50	20240616321	S2PCPEINTECLATNOIR	\N	1	2024-06-17 02:40:31	2024-06-17 02:40:31
51	20240620250	FANSAONA52YFT	\N	1	2024-06-20 17:56:24	2024-06-20 17:56:24
52	20240620567	EBE055315	\N	3	2024-06-20 19:31:34	2024-06-20 19:31:34
53	20240626486	CHAZ12CM4	\N	1	2024-06-26 21:48:58	2024-06-26 21:48:58
54	20240627834	NEGOS11131250S	\N	1	2024-06-27 13:29:21	2024-06-27 13:29:21
55	20240627834	SCHR9H13404	\N	1	2024-06-27 13:39:02	2024-06-27 13:39:02
56	20240627834	SKU462	\N	1	2024-06-27 13:39:20	2024-06-27 13:39:20
57	20240627545	EDS3047404056322	\N	1	2024-06-27 17:24:57	2024-06-27 17:24:57
58	20240627545	EDA019593	\N	1	2024-06-27 17:26:19	2024-06-27 17:26:19
59	20240709448	RABALUX005163	\N	1	2024-07-09 17:19:45	2024-07-09 17:19:45
60	20240711269	LG030027	\N	15	2024-07-12 00:06:42	2024-07-12 00:06:42
61	20240724213	ACELS40M	\N	1	2024-07-24 18:08:33	2024-07-24 18:08:33
62	20240729630	GRK9581B	\N	1	2024-07-29 16:50:04	2024-07-29 16:50:04
63	20240806688	NG10041540	\N	3	2024-08-07 00:39:24	2024-08-06 18:42:31
76	20240827447	S2PCBATIPEINT20KG	\N	1	2024-08-27 10:12:35	2024-08-27 10:12:35
77	20240827447	EDS3047404061142	\N	1	2024-08-27 10:18:34	2024-08-27 10:18:34
65	20240807349	LG11500	\N	2	2024-08-08 00:40:24	2024-08-07 18:40:33
78	20240829692	S2PCBATIPEINT20KG	\N	1	2024-08-29 20:33:57	2024-08-29 20:33:57
89	20240921890	THERMACELM35	\N	1	2024-09-21 23:35:12	2024-09-21 23:35:12
66	20240808618	NG10041540	\N	2	2024-08-08 03:12:23	2024-08-07 21:13:30
79	20240829692	INTERPAINTSECOMAT	\N	1	2024-08-29 20:34:10	2024-08-29 15:07:10
67	20240808618	NG10041924	\N	4	2024-08-08 03:12:55	2024-08-07 21:13:50
68	20240812731	CENI43750623	\N	2	2024-08-12 22:40:02	2024-08-12 16:40:14
69	20240813939	NG10041540	\N	1	2024-08-13 10:23:28	2024-08-13 10:23:28
71	20240814540	RABALUX005103	\N	7	2024-08-14 16:02:28	2024-08-14 16:02:28
72	20240816955	NEGOS11131225L	\N	1	2024-08-17 02:08:45	2024-08-17 02:08:45
73	20240822561	RABALUX002778	\N	1	2024-08-22 16:21:25	2024-08-22 16:21:25
74	20240823787	THERMACELM35	\N	1	2024-08-23 05:12:45	2024-08-23 05:12:45
80	20240906166	SCHR9H13403	\N	1	2024-09-07 01:11:44	2024-09-07 01:11:44
81	20240909780	RABALUX002778	\N	2	2024-09-09 18:42:08	2024-09-09 12:51:57
82	20240911295	NG10041540	\N	2	2024-09-11 14:35:28	2024-09-11 08:37:10
83	20240911719	NG10041540	\N	1	2024-09-11 21:00:04	2024-09-11 21:00:04
84	20240914648	FANSOUALIGA56YFT	\N	1	2024-09-14 20:21:32	2024-09-14 20:21:32
85	20240914705	FANSOUALIGA56YFT	\N	1	2024-09-14 20:21:40	2024-09-14 20:21:40
86	20240920199	SKU2768	\N	1	2024-09-20 18:24:26	2024-09-20 18:24:26
87	20240921854	CENI123112	\N	1	2024-09-21 08:56:10	2024-09-21 08:56:10
88	20240921854	CENI123113	\N	1	2024-09-21 08:56:57	2024-09-21 08:56:57
90	20240922645	ACELS40M	\N	1	2024-09-22 17:04:32	2024-09-22 17:04:32
91	20240924110	TECEPACUMI	\N	1	2024-09-24 14:26:54	2024-09-24 14:26:54
92	20240924337	EDS3456630013267	\N	1	2024-09-24 19:47:44	2024-09-24 19:47:44
93	20240924337	SKU462	\N	1	2024-09-24 19:47:57	2024-09-24 19:47:57
94	20240926130	HAGGP213P	\N	1	2024-09-26 11:55:06	2024-09-26 11:55:06
95	20240929983	HAGGBD5008509016	\N	1	2024-09-29 15:53:38	2024-09-29 15:53:38
96	20241002571	CENI123113	\N	1	2024-10-02 16:09:43	2024-10-02 16:09:43
97	20241006740	S2PCBATIPEINT20KG	\N	1	2024-10-06 05:57:32	2024-10-06 05:57:32
98	20241008673	NEGOS11131250S	\N	4	2024-10-08 19:19:54	2024-10-08 13:21:59
99	20241008673	NEGOS1131650A	\N	4	2024-10-08 19:23:43	2024-10-08 13:24:16
100	20241009894	CDCABLE4X25METRE	\N	1	2024-10-09 17:28:29	2024-10-09 17:28:29
101	20241014310	SCHR9H13404	\N	2	2024-10-14 19:49:28	2024-10-14 13:50:30
102	20241018516	NEGO31065512	\N	1	2024-10-18 12:52:39	2024-10-18 12:52:39
103	20241029100	HAGATA205009016	\N	1	2024-10-29 12:18:28	2024-10-29 12:18:28
104	20241029334	NG10041540	\N	1	2024-10-29 20:39:03	2024-10-29 20:39:03
105	20241101426	NG10041540	\N	1	2024-11-01 17:10:22	2024-11-01 17:10:22
106	20241101426	NG10041940	\N	1	2024-11-01 17:10:50	2024-11-01 17:10:50
107	20241103437	HAGATA205009016	\N	1	2024-11-03 22:00:32	2024-11-03 22:00:32
108	20241104689	CABLESHORNF3G6	\N	22	2024-11-05 01:40:19	2024-11-05 01:40:19
109	20241105778	TECEPACUMI	\N	1	2024-11-05 08:31:41	2024-11-05 08:31:41
110	20241105129	CENI43724241	\N	1	2024-11-05 13:51:52	2024-11-05 13:51:52
111	20241105620	HAGATA122009016	\N	43	2024-11-05 14:23:40	2024-11-05 08:24:17
112	20241105860	CENI43724547	\N	1	2024-11-05 16:25:03	2024-11-05 16:25:03
113	20241105493	RABALUX003713	\N	1	2024-11-05 17:06:13	2024-11-05 17:06:13
114	20241105493	RABALUX003712	\N	1	2024-11-05 17:06:49	2024-11-05 17:06:49
115	20241128793	RABALUX006146	\N	1	2024-11-28 12:10:36	2024-11-28 12:10:36
116	20241129760	CENI123112	\N	1	2024-11-29 10:12:55	2024-11-29 10:12:55
117	20241130472	DIGILEDFAN-8115	\N	1	2024-11-30 18:00:36	2024-11-30 18:00:36
118	20241201489	ACLP6004	\N	1	2024-12-01 06:26:23	2024-12-01 06:26:23
119	20241201300	DECO140.09B	\N	1	2024-12-01 20:46:57	2024-12-01 20:46:57
120	20241202948	TECEPACUMI	\N	1	2024-12-02 14:46:25	2024-12-02 14:46:25
121	20241203544	SKU7821	\N	1	2024-12-03 11:57:22	2024-12-03 11:57:22
122	20241203544	NEGO31066512	\N	2	2024-12-03 11:59:39	2024-12-03 05:59:47
123	20241204570	TECEPACUMI	\N	2	2024-12-04 08:32:33	2024-12-04 02:33:32
124	20241205462	CENI43724241	\N	1	2024-12-05 13:17:06	2024-12-05 13:17:06
126	20241206270	CENI123112	\N	1	2024-12-06 11:20:40	2024-12-06 11:20:40
127	20241206270	CENI123113	\N	1	2024-12-06 11:26:14	2024-12-06 11:26:14
128	20241207652	FANSOUALIGA56YFT	\N	1	2024-12-07 19:42:59	2024-12-07 19:42:59
129	20241211818	S2PCBATIPEINT20KG	\N	1	2024-12-11 12:49:10	2024-12-11 12:49:10
130	20241211818	CE136	\N	1	2024-12-11 12:50:49	2024-12-11 12:50:49
131	20241219338	ACELS40M	\N	1	2024-12-19 11:27:29	2024-12-19 11:27:29
132	20241231930	SKU462	\N	1	2024-12-31 19:51:29	2024-12-31 19:51:29
133	20241231659	TERMACCWS1000440936K	\N	1	2024-12-31 19:59:37	2024-12-31 19:59:37
134	20241231659	GRK9581I	\N	1	2024-12-31 20:00:41	2024-12-31 20:00:41
135	20241231659	GRK9581B	\N	1	2024-12-31 20:02:41	2024-12-31 20:02:41
136	20241231272	GRK9581K	\N	1	2025-01-01 02:04:20	2025-01-01 02:04:20
137	20241231272	HAGGD113A	\N	1	2025-01-01 02:18:49	2025-01-01 02:18:49
138	20250103549	NG10041540	\N	1	2025-01-04 02:23:38	2025-01-04 02:23:38
139	20250104552	RABALUX003712	\N	1	2025-01-05 02:14:10	2025-01-05 02:14:10
143	20250108549	NG30063324	\N	1	2025-01-08 16:52:03	2025-01-08 16:52:03
144	20250108805	HAGATA205009016	\N	1	2025-01-08 21:34:14	2025-01-08 21:34:14
145	20250108805	SKU462	\N	1	2025-01-08 21:34:26	2025-01-08 21:34:26
146	20250111332	CENI123113	\N	1	2025-01-12 02:38:09	2025-01-12 02:38:09
147	20250113128	NG30063324	\N	1	2025-01-13 15:07:40	2025-01-13 15:07:40
148	20250113128	ROZ219000	\N	1	2025-01-13 15:07:44	2025-01-13 15:07:44
149	20250113555	EDA019555	\N	1	2025-01-13 19:04:39	2025-01-13 19:04:39
150	20250113410	TERMACCWS1000440936K	\N	1	2025-01-14 00:54:20	2025-01-14 00:54:20
151	20250113410	TECEPACUMI	\N	1	2025-01-14 00:55:43	2025-01-14 00:55:43
152	20250114290	CDCABLE4X25METRE	\N	1	2025-01-14 21:47:51	2025-01-14 21:47:51
153	20250118406	NG10041924	\N	1	2025-01-18 15:39:37	2025-01-18 15:39:37
154	20250118845	INTERPAINTSECOMAT	\N	1	2025-01-19 02:42:01	2025-01-19 02:42:01
155	20250122683	HAGGD113A	\N	1	2025-01-22 20:22:39	2025-01-22 20:22:39
156	20250123241	FANSAONA52YFT	\N	2	2025-01-23 19:39:28	2025-01-23 13:40:28
157	20250127529	NG10042724	\N	1	2025-01-27 23:27:38	2025-01-27 23:27:38
158	20250129810	CDCABLE4X25METRE	\N	1	2025-01-29 13:55:29	2025-01-29 13:55:29
159	20250130381	HAGGD213A	\N	1	2025-01-31 01:56:31	2025-01-31 01:56:31
160	20250130381	RABALUX003712	\N	1	2025-01-31 01:59:10	2025-01-31 01:59:10
161	20250210887	RABALUX006146	\N	1	2025-02-10 11:06:06	2025-02-10 11:06:06
162	20250210887	ACELS25M	\N	1	2025-02-10 11:09:04	2025-02-10 11:09:04
163	20250211268	HAGATA205009016	\N	1	2025-02-11 15:34:33	2025-02-11 15:34:33
164	20250211641	HAGGP313P	\N	1	2025-02-12 02:59:23	2025-02-12 02:59:23
165	20250212402	SCHR9H13404	\N	1	2025-02-12 18:30:47	2025-02-12 18:30:47
166	20250212462	FANSOUALIGA56YFT	\N	1	2025-02-12 20:10:56	2025-02-12 20:10:56
168	20250213925	TECEPACUMI	\N	1	2025-02-13 20:42:27	2025-02-13 20:42:27
180	20250220717	TECEPACUMI	\N	1	2025-02-20 16:48:03	2025-02-20 16:48:03
181	20250223760	ACELS40M	\N	1	2025-02-23 20:44:06	2025-02-23 20:44:06
167	20250213925	THERMACELM35	\N	2	2025-02-13 20:41:02	2025-02-13 14:43:55
170	20250218805	ACEL5PSK	\N	1	2025-02-18 13:30:08	2025-02-18 13:30:08
171	20250218805	ACELS25M	\N	1	2025-02-18 13:36:28	2025-02-18 13:36:28
172	20250218805	ACELS40M	\N	1	2025-02-18 13:36:51	2025-02-18 13:36:51
173	20250218805	ROZ219000	\N	1	2025-02-18 13:43:48	2025-02-18 13:43:48
174	20250218805	EDS3047404056322	\N	1	2025-02-18 13:47:59	2025-02-18 13:47:59
175	20250219586	SCHR9H13404	\N	1	2025-02-19 22:01:13	2025-02-19 22:01:13
176	20250220324	BENECISREFOPLAH	\N	1	2025-02-20 10:19:27	2025-02-20 10:19:27
182	20250223149	TECEPACUMI	\N	1	2025-02-23 23:13:37	2025-02-23 23:13:37
183	20250223149	NEGOS1131215L	\N	1	2025-02-23 23:14:24	2025-02-23 23:14:24
177	20250220389	BENECISREFOPLAH	\N	10	2025-02-20 15:07:47	2025-02-20 09:08:06
178	20250220321	S2PCBATIPEINT20KG	\N	5	2025-02-20 16:03:52	2025-02-20 10:06:32
\.


--
-- Data for Name: orders; Type: TABLE DATA; Schema: public; Owner: postgres
--

COPY public.orders (id, user_id, sum, checked_out, inserted_at, updated_at) FROM stdin;
20240209153	\N	56.0	f	2024-02-09 19:59:47	2024-02-09 19:59:47
20240212990	\N	80.0	f	2024-02-12 12:59:24	2024-02-12 12:59:24
20240212294	\N	60.0	f	2024-02-12 13:22:58	2024-02-12 13:22:58
20240213854	\N	35.0	f	2024-02-13 19:33:21	2024-02-13 19:33:21
20240214578	\N	4.0	f	2024-02-14 14:26:42	2024-02-14 14:26:42
20240922645	\N	105.0	f	2024-09-22 17:04:32	2024-09-22 17:04:32
20240225845	\N	245.00000000	f	2024-02-26 02:34:21	2024-02-25 20:35:52
20240308759	\N	94.99	f	2024-03-08 19:41:53	2024-03-08 19:41:53
20240313914	\N	87.5	f	2024-03-13 14:56:56	2024-03-13 14:56:56
20240924110	\N	138.0	f	2024-09-24 14:26:54	2024-09-24 14:26:54
20240924337	\N	140.00000000	f	2024-09-24 19:47:44	2024-09-24 13:47:57
20240318556	\N	382.99000000	f	2024-03-18 09:53:54	2024-03-18 03:58:10
20240321149	\N	80.0	f	2024-03-21 16:08:24	2024-03-21 16:08:24
20240321539	\N	18.0	f	2024-03-21 20:45:25	2024-03-21 20:45:25
20240322622	\N	67.5	f	2024-03-22 11:58:08	2024-03-22 11:58:08
20240322974	\N	52.5	f	2024-03-22 20:54:35	2024-03-22 20:54:35
20240326937	\N	13.0	f	2024-03-26 14:38:40	2024-03-26 14:38:40
20240403820	\N	70.0	f	2024-04-03 20:34:09	2024-04-03 20:34:09
20240403553	\N	70.0	f	2024-04-03 21:10:52	2024-04-03 21:10:52
20240404710	\N	35.0	f	2024-04-04 13:45:05	2024-04-04 13:45:05
20240408269	\N	140.00000000	f	2024-04-08 18:56:13	2024-04-08 12:56:21
20240411841	\N	30.0	f	2024-04-11 20:17:40	2024-04-11 20:17:40
20240414324	\N	38.0	f	2024-04-15 01:44:41	2024-04-15 01:44:41
20240416319	\N	32.0	f	2024-04-16 10:13:40	2024-04-16 10:13:40
20240420729	\N	15.0	f	2024-04-20 22:08:35	2024-04-20 22:08:35
20240422748	\N	210.0	f	2024-04-22 23:40:36	2024-04-22 23:40:36
20240425366	\N	45.0	f	2024-04-25 15:52:06	2024-04-25 15:52:06
20240426576	\N	80.0	f	2024-04-27 02:12:55	2024-04-27 02:12:55
20240505403	\N	185.0	f	2024-05-05 18:12:49	2024-05-05 18:12:49
20240506767	\N	60.0	f	2024-05-06 13:55:51	2024-05-06 13:55:51
20240514442	\N	38.0	f	2024-05-14 21:40:38	2024-05-14 21:40:38
20240521200	\N	105.00000000	f	2024-05-21 18:34:13	2024-05-21 12:35:35
20240522847	\N	185.0	f	2024-05-22 03:17:42	2024-05-22 03:17:42
20240522290	\N	7.5	f	2024-05-22 11:51:17	2024-05-22 11:51:17
20240926130	\N	36.5	f	2024-09-26 11:55:06	2024-09-26 11:55:06
20240523255	\N	68.00000000	f	2024-05-23 04:46:31	2024-05-22 22:50:37
20240524835	\N	26.5	f	2024-05-25 02:29:52	2024-05-25 02:29:52
20240527398	\N	70.0	f	2024-05-27 17:20:07	2024-05-27 17:20:07
20240611600	\N	170.00000000	f	2024-06-12 01:47:32	2024-06-11 19:53:32
20240929983	\N	35.0	f	2024-09-29 15:53:38	2024-09-29 15:53:38
20241002571	\N	45.0	f	2024-10-02 16:09:43	2024-10-02 16:09:43
20240616321	\N	73.00000000	f	2024-06-17 02:36:17	2024-06-16 20:40:40
20240620250	\N	350.0	f	2024-06-20 17:56:24	2024-06-20 17:56:24
20240620567	\N	135.0	f	2024-06-20 19:31:34	2024-06-20 19:31:34
20240626486	\N	49.5	f	2024-06-26 21:48:58	2024-06-26 21:48:58
20241006740	\N	38.0	f	2024-10-06 05:57:32	2024-10-06 05:57:32
20240627834	\N	225.00000000	f	2024-06-27 13:29:21	2024-06-27 07:39:20
20240627545	\N	84.00000000	f	2024-06-27 17:24:57	2024-06-27 11:26:19
20240709448	\N	14.99	f	2024-07-09 17:19:45	2024-07-09 17:19:45
20240711269	\N	180.0	f	2024-07-12 00:06:42	2024-07-12 00:06:42
20240724213	\N	110.0	f	2024-07-24 18:08:33	2024-07-24 18:08:33
20240729630	\N	26.0	f	2024-07-29 16:50:04	2024-07-29 16:50:04
20241204570	\N	276.00000000	f	2024-12-04 08:32:33	2024-12-04 02:33:32
20241205462	\N	225.0	f	2024-12-05 13:17:06	2024-12-05 13:17:06
20240806688	\N	165.00000000	f	2024-08-07 00:39:24	2024-08-06 18:43:17
20240807349	\N	7.00000000	f	2024-08-08 00:40:24	2024-08-07 18:40:33
20241206270	\N	90.00000000	f	2024-12-06 11:20:40	2024-12-06 05:26:14
20241008673	\N	600.00000000	f	2024-10-08 19:19:54	2024-10-08 13:24:16
20241009894	\N	26.5	f	2024-10-09 17:28:29	2024-10-09 17:28:29
20241014310	\N	176.00000000	f	2024-10-14 19:49:28	2024-10-14 13:50:30
20240808618	\N	290.00000000	f	2024-08-08 03:12:23	2024-08-07 21:13:50
20240812731	\N	396.00000000	f	2024-08-12 22:40:02	2024-08-12 16:40:14
20240813939	\N	55.0	f	2024-08-13 10:23:28	2024-08-13 10:23:28
20241018516	\N	24.0	f	2024-10-18 12:52:39	2024-10-18 12:52:39
20240814540	\N	139.93000000	f	2024-08-14 15:55:57	2024-08-14 10:05:18
20240816955	\N	40.0	f	2024-08-17 02:08:45	2024-08-17 02:08:45
20240822561	\N	34.99	f	2024-08-22 16:21:25	2024-08-22 16:21:25
20240823787	\N	30.0	f	2024-08-23 05:12:45	2024-08-23 05:12:45
20240827447	\N	153.00000000	f	2024-08-27 10:12:35	2024-08-27 04:18:34
20241029100	\N	12.0	f	2024-10-29 12:18:28	2024-10-29 12:18:28
20241029334	\N	55.0	f	2024-10-29 20:39:03	2024-10-29 20:39:03
20240829692	\N	73.00000000	f	2024-08-29 20:33:57	2024-08-29 15:07:10
20240906166	\N	60.0	f	2024-09-07 01:11:44	2024-09-07 01:11:44
20240909780	\N	69.98000000	f	2024-09-09 18:42:08	2024-09-09 12:51:57
20240911295	\N	110.00000000	f	2024-09-11 14:35:28	2024-09-11 08:37:10
20240911719	\N	55.0	f	2024-09-11 21:00:04	2024-09-11 21:00:04
20240914648	\N	325.0	f	2024-09-14 20:21:32	2024-09-14 20:21:32
20240914705	\N	325.0	f	2024-09-14 20:21:40	2024-09-14 20:21:40
20240920199	\N	19.0	f	2024-09-20 18:24:26	2024-09-20 18:24:26
20240921854	\N	90.00000000	f	2024-09-21 08:56:10	2024-09-21 02:56:57
20240921890	\N	30.0	f	2024-09-21 23:35:12	2024-09-21 23:35:12
20241101426	\N	137.00000000	f	2024-11-01 17:10:22	2024-11-01 11:10:50
20241103437	\N	12.0	f	2024-11-03 22:00:32	2024-11-03 22:00:32
20241104689	\N	121.0	f	2024-11-05 01:40:19	2024-11-05 01:40:19
20241105778	\N	138.0	f	2024-11-05 08:31:41	2024-11-05 08:31:41
20241105129	\N	225.0	f	2024-11-05 13:51:52	2024-11-05 13:51:52
20241105620	\N	150.50000000	f	2024-11-05 14:23:40	2024-11-05 08:24:17
20241105860	\N	248.0	f	2024-11-05 16:25:03	2024-11-05 16:25:03
20241105493	\N	34.98000000	f	2024-11-05 17:06:13	2024-11-05 11:06:49
20241128793	\N	124.99	f	2024-11-28 12:10:36	2024-11-28 12:10:36
20241129760	\N	45.0	f	2024-11-29 10:12:55	2024-11-29 10:12:55
20241130472	\N	185.0	f	2024-11-30 18:00:36	2024-11-30 18:00:36
20241201489	\N	75.0	f	2024-12-01 06:26:23	2024-12-01 06:26:23
20241201300	\N	10.0	f	2024-12-01 20:46:57	2024-12-01 20:46:57
20241202948	\N	138.0	f	2024-12-02 14:46:25	2024-12-02 14:46:25
20241207652	\N	325.0	f	2024-12-07 19:42:59	2024-12-07 19:42:59
20241203544	\N	164.00000000	f	2024-12-03 11:57:22	2024-12-03 05:59:47
20241211818	\N	60.00000000	f	2024-12-11 12:49:10	2024-12-11 06:50:49
20241219338	\N	105.0	f	2024-12-19 11:27:29	2024-12-19 11:27:29
20241231930	\N	80.0	f	2024-12-31 19:51:29	2024-12-31 19:51:29
20241231659	\N	184.50000000	f	2024-12-31 19:59:37	2024-12-31 14:02:41
20241231272	\N	99.00000000	f	2025-01-01 02:04:20	2024-12-31 20:18:49
20250103549	\N	55.0	f	2025-01-04 02:23:38	2025-01-04 02:23:38
20250104552	\N	14.99	f	2025-01-05 02:14:10	2025-01-05 02:14:10
20250108549	\N	45.0	f	2025-01-08 16:52:03	2025-01-08 16:52:03
20250108805	\N	92.00000000	f	2025-01-08 21:34:14	2025-01-08 15:34:26
20250111332	\N	45.0	f	2025-01-12 02:38:09	2025-01-12 02:38:09
20250113128	\N	48.50000000	f	2025-01-13 15:07:40	2025-01-13 09:07:44
20250113555	\N	17.5	f	2025-01-13 19:04:39	2025-01-13 19:04:39
20250113410	\N	248.00000000	f	2025-01-14 00:54:20	2025-01-13 18:55:43
20250114290	\N	26.5	f	2025-01-14 21:47:51	2025-01-14 21:47:51
20250118406	\N	45.0	f	2025-01-18 15:39:37	2025-01-18 15:39:37
20250118845	\N	35.0	f	2025-01-19 02:42:01	2025-01-19 02:42:01
20250122683	\N	30.0	f	2025-01-22 20:22:39	2025-01-22 20:22:39
20250123241	\N	700.00000000	f	2025-01-23 19:39:26	2025-01-23 13:40:28
20250127529	\N	82.0	f	2025-01-27 23:27:38	2025-01-27 23:27:38
20250129810	\N	26.5	f	2025-01-29 13:55:29	2025-01-29 13:55:29
20250130381	\N	58.99000000	f	2025-01-31 01:56:31	2025-01-30 19:59:10
20250210887	\N	194.99000000	f	2025-02-10 11:06:06	2025-02-10 05:09:04
20250211268	\N	12.0	f	2025-02-11 15:34:33	2025-02-11 15:34:33
20250211641	\N	44.0	f	2025-02-12 02:59:23	2025-02-12 02:59:23
20250212402	\N	88.0	f	2025-02-12 18:30:47	2025-02-12 18:30:47
20250212462	\N	325.0	f	2025-02-12 20:10:56	2025-02-12 20:10:56
20250213925	\N	198.00000000	f	2025-02-13 20:41:02	2025-02-13 14:43:55
20250218805	\N	277.50000000	f	2025-02-18 13:30:08	2025-02-18 07:47:59
20250219586	\N	88.0	f	2025-02-19 22:01:13	2025-02-19 22:01:13
20250220324	\N	17.0	f	2025-02-20 10:19:27	2025-02-20 10:19:27
20250220389	\N	170.00000000	f	2025-02-20 15:07:47	2025-02-20 09:08:06
20250220321	\N	175.00000000	f	2025-02-20 16:03:52	2025-02-20 10:41:24
20250220717	\N	138.0	f	2025-02-20 16:48:03	2025-02-20 16:48:03
20250223760	\N	105.0	f	2025-02-23 20:44:06	2025-02-23 20:44:06
20250223149	\N	168.00000000	f	2025-02-23 23:13:37	2025-02-23 17:14:24
\.


--
-- Data for Name: schema_migrations; Type: TABLE DATA; Schema: public; Owner: postgres
--

COPY public.schema_migrations (version, inserted_at) FROM stdin;
20220712091248	2023-06-07 13:57:53
20220712113614	2023-06-07 13:57:53
20220712115653	2023-06-07 13:57:53
20220712120030	2023-06-07 13:57:53
20220712121017	2023-06-07 13:57:53
20220712205749	2023-06-07 13:57:53
20220721102652	2023-06-07 13:57:53
20220721104449	2023-06-07 13:57:53
20220721105019	2023-06-07 13:57:53
20220811152625	2023-06-07 13:57:53
20220812115724	2023-06-07 13:57:53
20230608114515	2023-06-08 12:36:56
20240304142435	2024-03-04 14:45:00
\.


--
-- Data for Name: sub_families; Type: TABLE DATA; Schema: public; Owner: postgres
--

COPY public.sub_families (id, caption, family_id, image) FROM stdin;
SFAR00028	DILUANTS	FAR00008	DILUANTS.png
SFAR00043	MASTIC ET APRES MASTIC	FAR00008	MASTIC.jpg
SFAR00007	COLORANTS	FAR00004	COLORANTS.jpg
SFAR00005	GLYCÉRO 1KG (BOIS-FER-BÉTON)	FAR00004	GLYCERO 1 ET 3KG.jpg
SFAR00006	GLYCÉRO 3KG (BOIS-FER-BÉTON)	FAR00004	GLYCERO 1 ET 3KG.jpg
SFAR00008	PEINTURE A L'EAU	FAR00004	PEINTURE A L EAU.png
SFAR00003	MOULURES ET GOULOTTES	FAR00002	MOULURE ET GOULOTTE.jpg
SFAR00027	TUBE IRO/ IRL	FAR00002	TUBE IRO RIL.jpg
SFAR00029	ICTA GAINES ET TPC	FAR00002	GAINES ET TPC.jpg
SFAR00030	TABLEAU ÉLECTRIQUE COFFRET	FAR00002	COFFRET TABLEAU.jpg
SFAR00034	CABLE ET FIL	FAR00002	CABLE ET FIL.jpg
SFAR00041	DISJONCTEUR, CONTACTEUR...	FAR00002	DISJONCTEUR ET CONTACTEUR.jpg
SFAR00002	PRISE, INTERRUPTEUR...	FAR00002	PRISES INTERRUPTEURS.jpg
SFAR00009	VERNIS	FAR00004	VERNIS.jpeg
SFAR00032	CADENAS	FAR00005	CADENAS.jpg
SFAR00004	PROJECTEURS	FAR00002	PROJECTEUR.jpg
SFAR00019	ENROULEUR ET MULTIPRISE	FAR00002	ENROULEURS.jpg
SFAR00011	CHAUFFE EAU	FAR00003	CHAUFFE EAU.jpg
SFAR00031	MARQUE PROCLEF	FAR00005	PROCLEF.jpg
SFAR00013	AMPOULES	FAR00010	AMPOULES.jpg
SFAR00036	APPLIQUE SANITARE	FAR00010	APPLIQUE.jpg
SFAR00042	CHAMBRE ET SALON	FAR00010	CHAMBRE ET SALON.jpeg
SFAR00017	HUBLOT	FAR00010	HUBLOTS.jpg
SFAR00014	LAVABO	FAR00009	LAVABO.jpg
SFAR00016	LAVE-MAIN	FAR00009	LAVE MAIN.jpg
SFAR00015	WC ET BIDET	FAR00009	WC ET BIDET.jpg
SFAR00040	NOURRICE DISTRIBUTEUR MF 3/4	FAR00003	NOURRICE.jpg
SFAR00010	COMBIDOUCHE ET DOUCHETTE	FAR00003	COMBIDOUCHE COMBIBARRE.jpg
SFAR00024	TUYAU PER RETUBE	FAR00003	PER RETUBE.jpg
SFAR00012	ROBINETTERIE	FAR00003	ROBINETTERIE.jpg
SFAR00035	TUBE PVC ITALIE	FAR00003	TUBES PVC ITALIE.png
SFAR00025	TUYAU PEHD POLYETHYLENE	FAR00003	TUYAU PEHD POLY.png
SFAR00026	ANTI-MOUSTIQUE	FAR00007	ANTI MOUSTIQUE.jpg
SFAR00038	BALAIS ET RATEAUX	FAR00007	BALAIS ET RATEAUX.jpg
SFAR00020	BOITE AUX LETTRES	FAR00007	boite-aux-lettres-.jpg
SFAR00018	BRASSEUR D'AIR	FAR00007	brasseur d airs.jpg
SFAR00039	COLLE, PLATRE, JOINT, CIMENT	FAR00007	COLLE PLATRE JOINT.jpg
SFAR00033	COUTELLERIE FRANCAISE	FAR00007	COUTELLERIE.jpg
SFAR00037	ESCABEAU	FAR00007	ESCABEAUX.jpg
SFAR00023	ARROSOIR ET GLACIERE	FAR00007	GALCIERE.jpg
SFAR00022	JERRICAN ET SEAU	FAR00007	jerricans ET SEAU.jpg
SFAR00021	TUYAU D'ARROSAGE	FAR00007	TUYAU ARROSAGE.jpeg
\.


--
-- Data for Name: users; Type: TABLE DATA; Schema: public; Owner: postgres
--

COPY public.users (id, name, firstname, mail_address, street, phone_number, password, inserted_at, updated_at, country_id, city_id, is_valid) FROM stdin;
1	Hassani 	Chaïma 	Chaim.hass-razana@outlook.fr	\N	0650466262	$pbkdf2-sha512$160000$VDBXGpxyf3dhr8A5pwyXmQ$xwGfX4Jf8jsEl4gvU3btjMroHKRFeQojUAgYdAtv3mGhiDCiZqjEeesZcZ9PXsQ8zc1sA8QSX7wxLR4DqiTCkA	2024-05-23 04:57:12	2024-05-23 04:57:12	1	3	f
2	ABDALLAH	Jean-Patrick	jeanpm76.976@outlook.fr	\N	0661070289	$pbkdf2-sha512$160000$Xs3dvn9wOo7YcGMCJxqCBw$3bLBYYlnFtkVw8UhtUhqCaecRNg.l9OjGxIhTZs8myUVnCfVdBGfe40RYvoPIVSDybzu0cGGlRNKpfDCx98Ojw	2024-06-12 01:49:53	2024-06-12 01:49:53	1	6	f
3	ANGATAHI	Assibahati	aassibahati@outlook.fr	\N	aassibahati@outlook.fr	$pbkdf2-sha512$160000$1Z9fbgNTITEDUFw6HEs3EA$NvQx3TIEX7HgkqK.v.lA0U7hTcaMtytBtxX8H.kJLJBZbjV5MokxFKdubjpoIb2wC5MbytoH4UtYodGGX3jHPQ	2024-06-12 01:57:19	2024-06-12 01:57:19	1	6	f
4	ANGATAHI	Assibahati	jeanpm76.nyamba@icloud.com	\N	jeanpm76.nyamba@icloud.com	$pbkdf2-sha512$160000$MmYuqpMd/kCSJwYFB1vI8A$vB8Vw77w4up0OGkgMZnVGs2Yl5tTNhDxpZrVsvI5BmFuDgPdQRM/9sIqVnoGwVFqR4RytneCFWoo.5WcWJ85CA	2024-06-12 01:58:17	2024-06-12 01:58:17	1	6	f
5	ABDALLAH	Jean-Patrick	jj.nyamba976@outlook.fr	\N	0661070289	$pbkdf2-sha512$160000$vg4McQ7ma8JiCZ2/6H.szA$pD1M76Qd/EMDGfhAHTCKyAmKVSCNhhhHQpnFYRyn7baPVAM8p27UEAlY2HeDU03ZX0IpqG4J.QROtFPZS3ugoA	2024-06-12 13:51:40	2024-06-12 13:51:40	1	9	f
6	Mounaouiri 	Tissianti 	Tissianti.mounaouiri@gmail.com	\N	0639094302	$pbkdf2-sha512$160000$Ab.dQ0naDKor2YKsERnxpQ$by6DnJ60LqF5FLtR28wF5QUWUQm5plu9ub79KtCTcqpgW4e8Wwj4SnzE8jJZnKuAcOsUN1lXPuwn6GLQP17vuw	2024-08-14 16:06:18	2024-08-14 16:06:18	1	2	f
7	SAID MARI 	Némati 	mari.nemati@live.fr	\N	0692327037	$pbkdf2-sha512$160000$iV.7DXOdOUWQ43JYoh7PIg$obDxHTAz928s4JRZqVYhGQYe3euNXhc4bXf4I7Qq08EhcNnHbbYW3kiPi49x6cJXq4swNjjeJPMtFbKJkXXODw	2024-08-27 10:21:18	2024-08-27 10:21:18	1	11	f
8	SAID MARI 	Némati 	saidmari.nemati@yahoo.fr	\N	0692327037	$pbkdf2-sha512$160000$8s417rj29DCvc7/L62CUiA$IZrdzZZXpkgDSEcLR6AfszHc7PQD7vc/0KkDC4gmyms3vdEHQc2m3WmQBcddGykHnfSXJyQZKoj5CNN45EgB9w	2024-08-27 10:23:10	2024-08-27 10:23:10	1	11	f
9	Prevost	Philippe	phpr974@gmail.com	\N	0626901442	$pbkdf2-sha512$160000$N3rOov3GF371Z85FZ6CeXg$1MhLtwAa9CKHpRuzXG5HAVSfCWNuuebbeNEGj0navzdB1HvxRXH8rLQMCM.u1Qel.Xk7xwTygUuKcKwnEXkLDw	2024-09-29 15:55:03	2024-09-29 15:55:03	1	2	f
10	ATTOUMANI 	Andhuime 	oustour@laposte.net	\N	0639946631	$pbkdf2-sha512$160000$nAjkE3Y8mjgH1QzxJ356pQ$/UcPbeOaTAP27Wz9kHDQkKmtaqp3u80U9U93UYsF2wO3LU1McLZumUjEJKgCX3nZCnUGcbP4Ew853Y12b0sXDQ	2025-01-22 20:26:04	2025-01-22 20:26:04	1	6	f
11	MALIDI	MOUSSA	m.elecbandrele97@gmail.com	\N	0639219975	$pbkdf2-sha512$160000$WlZToiaepGR5ZrMVR/y0CQ$a53fVUYQiLQfJr/um6WrZHHkn7H9vqEJCGoHhBqA4Ny48TAakMda9rNZ/ou1UAQbY8cmbjXGBySavzL36ZLV1g	2025-02-19 21:48:13	2025-02-19 21:48:13	1	5	f
12	MALIDI	MOUSSA	m.moussamz@gmail.com	\N	0639219975	$pbkdf2-sha512$160000$jJuOx2gTV10UlbYKQ4gG6g$HnPNAVBx8UHoomoCcyRozqYuw/Az8X7V7d2N7wGSfFOytlPXVtxDiHNRo7C.wHstjGC2AVrx4Hx5vdheAO5gPw	2025-02-19 21:54:51	2025-02-19 21:54:51	1	5	f
13	YOUSSOUF	Sittirati	yous.sittirati@outlook.com	\N	0767102771	$pbkdf2-sha512$160000$TdKUjQ5YCZBVrgrS1ieWCw$BbIWaoA/nKWH7D0.eCUM8aUDn3U7zO7C4lqhUtxVfDSpRZU/yQh2FmTN74pnMpf.76TrCMlhXPoG41zDSLPHEQ	2025-02-20 15:08:50	2025-02-20 15:08:50	1	11	f
\.


--
-- Name: cities_id_seq; Type: SEQUENCE SET; Schema: public; Owner: postgres
--

SELECT pg_catalog.setval('public.cities_id_seq', 17, true);


--
-- Name: countries_id_seq; Type: SEQUENCE SET; Schema: public; Owner: postgres
--

SELECT pg_catalog.setval('public.countries_id_seq', 1, true);


--
-- Name: order_lines_id_seq; Type: SEQUENCE SET; Schema: public; Owner: postgres
--

SELECT pg_catalog.setval('public.order_lines_id_seq', 183, true);


--
-- Name: users_id_seq; Type: SEQUENCE SET; Schema: public; Owner: postgres
--

SELECT pg_catalog.setval('public.users_id_seq', 13, true);


--
-- Name: cities cities_pkey; Type: CONSTRAINT; Schema: public; Owner: postgres
--

ALTER TABLE ONLY public.cities
    ADD CONSTRAINT cities_pkey PRIMARY KEY (id);


--
-- Name: countries countries_pkey; Type: CONSTRAINT; Schema: public; Owner: postgres
--

ALTER TABLE ONLY public.countries
    ADD CONSTRAINT countries_pkey PRIMARY KEY (id);


--
-- Name: families families_pkey; Type: CONSTRAINT; Schema: public; Owner: postgres
--

ALTER TABLE ONLY public.families
    ADD CONSTRAINT families_pkey PRIMARY KEY (id);


--
-- Name: items items_pkey; Type: CONSTRAINT; Schema: public; Owner: postgres
--

ALTER TABLE ONLY public.items
    ADD CONSTRAINT items_pkey PRIMARY KEY (id);


--
-- Name: order_lines order_lines_pkey; Type: CONSTRAINT; Schema: public; Owner: postgres
--

ALTER TABLE ONLY public.order_lines
    ADD CONSTRAINT order_lines_pkey PRIMARY KEY (id);


--
-- Name: orders orders_pkey; Type: CONSTRAINT; Schema: public; Owner: postgres
--

ALTER TABLE ONLY public.orders
    ADD CONSTRAINT orders_pkey PRIMARY KEY (id);


--
-- Name: schema_migrations schema_migrations_pkey; Type: CONSTRAINT; Schema: public; Owner: postgres
--

ALTER TABLE ONLY public.schema_migrations
    ADD CONSTRAINT schema_migrations_pkey PRIMARY KEY (version);


--
-- Name: sub_families sub_families_pkey; Type: CONSTRAINT; Schema: public; Owner: postgres
--

ALTER TABLE ONLY public.sub_families
    ADD CONSTRAINT sub_families_pkey PRIMARY KEY (id);


--
-- Name: users users_pkey; Type: CONSTRAINT; Schema: public; Owner: postgres
--

ALTER TABLE ONLY public.users
    ADD CONSTRAINT users_pkey PRIMARY KEY (id);


--
-- Name: items items_family_id_fkey; Type: FK CONSTRAINT; Schema: public; Owner: postgres
--

ALTER TABLE ONLY public.items
    ADD CONSTRAINT items_family_id_fkey FOREIGN KEY (family_id) REFERENCES public.families(id) ON DELETE SET NULL;


--
-- Name: items items_sub_family_id_fkey; Type: FK CONSTRAINT; Schema: public; Owner: postgres
--

ALTER TABLE ONLY public.items
    ADD CONSTRAINT items_sub_family_id_fkey FOREIGN KEY (sub_family_id) REFERENCES public.sub_families(id) ON DELETE SET NULL;


--
-- Name: order_lines order_lines_item_id_fkey; Type: FK CONSTRAINT; Schema: public; Owner: postgres
--

ALTER TABLE ONLY public.order_lines
    ADD CONSTRAINT order_lines_item_id_fkey FOREIGN KEY (item_id) REFERENCES public.items(id);


--
-- Name: order_lines order_lines_order_id_fkey; Type: FK CONSTRAINT; Schema: public; Owner: postgres
--

ALTER TABLE ONLY public.order_lines
    ADD CONSTRAINT order_lines_order_id_fkey FOREIGN KEY (order_id) REFERENCES public.orders(id);


--
-- Name: order_lines order_lines_user_id_fkey; Type: FK CONSTRAINT; Schema: public; Owner: postgres
--

ALTER TABLE ONLY public.order_lines
    ADD CONSTRAINT order_lines_user_id_fkey FOREIGN KEY (user_id) REFERENCES public.users(id);


--
-- Name: orders orders_user_id_fkey; Type: FK CONSTRAINT; Schema: public; Owner: postgres
--

ALTER TABLE ONLY public.orders
    ADD CONSTRAINT orders_user_id_fkey FOREIGN KEY (user_id) REFERENCES public.users(id);


--
-- Name: sub_families sub_families_family_id_fkey; Type: FK CONSTRAINT; Schema: public; Owner: postgres
--

ALTER TABLE ONLY public.sub_families
    ADD CONSTRAINT sub_families_family_id_fkey FOREIGN KEY (family_id) REFERENCES public.families(id) ON DELETE CASCADE;


--
-- Name: users users_city_id_fkey; Type: FK CONSTRAINT; Schema: public; Owner: postgres
--

ALTER TABLE ONLY public.users
    ADD CONSTRAINT users_city_id_fkey FOREIGN KEY (city_id) REFERENCES public.cities(id);


--
-- Name: users users_country_id_fkey; Type: FK CONSTRAINT; Schema: public; Owner: postgres
--

ALTER TABLE ONLY public.users
    ADD CONSTRAINT users_country_id_fkey FOREIGN KEY (country_id) REFERENCES public.countries(id);


--
-- PostgreSQL database dump complete
--

